240.46954, 58.56673, 3.87,0.73
236.66708, 62.59931, 5.18,0.08
231.96410, 60.67020, 5.35,1.72
240.78877, 59.41060, 5.46,1.98
232.73120, 64.20904, 5.48,1.15
232.33762, 62.09948, 5.87,1.52
230.65533, 62.04692, 5.99,-0.04
236.88278, 59.56853, 6.05,1.57
229.96816, 62.47445, 6.28,1.33
238.95647, 58.91189, 6.31,-0.05
231.92029, 62.27557, 6.52,0.17
240.92286, 59.08957, 6.58,1.12
237.16890, 61.44206, 6.61,3.52
241.52357, 64.68748, 6.72,1.37
242.02944, 62.23505, 6.75,3.52
242.48493, 59.87172, 6.76,0.08
242.34810, 63.40758, 6.85,0.19
232.16357, 61.72669, 6.89,0.16
234.96041, 64.66186, 7.00,1.70
230.75456, 63.13042, 7.03,1.24
239.88849, 64.89342, 7.09,1.48
241.20407, 60.04470, 7.09,1.28
231.07157, 60.55018, 7.11,1.01
237.53340, 64.79973, 7.20,0.04
229.82768, 61.37484, 7.26,0.74
236.17445, 58.43385, 7.27,0.52
233.83472, 59.67915, 7.35,1.52
233.46286, 63.90724, 7.39,0.44
243.73807, 60.67175, 7.53,0.85
240.46441, 59.63096, 7.71,0.78
236.44956, 59.31192, 7.73,0.57
237.46878, 61.33818, 7.77,1.63
229.86817, 62.12874, 7.77,1.08
232.94134, 59.72058, 7.79,0.68
240.14874, 62.08727, 7.80,1.23
230.86313, 61.58553, 7.83,1.13
241.31381, 62.32529, 7.83,1.52
236.85788, 59.48584, 7.86,1.03
244.04870, 60.88991, 7.88,1.26
242.69653, 59.67489, 7.95,0.86
234.52228, 61.42052, 7.99,0.71
232.50373, 62.71405, 8.00,1.64
236.48011, 64.27640, 8.02,1.42
233.83505, 60.08627, 8.03,1.29
244.22231, 60.53492, 8.04,0.88
235.13699, 61.88084, 8.05,0.30
244.38230, 61.36824, 8.07,0.61
230.94886, 62.94911, 8.11,0.60
237.27817, 63.14259, 8.11,0.51
237.90828, 63.73618, 8.24,1.26
236.43972, 65.03201, 8.25,2.01
231.32338, 59.97591, 8.29,0.28
237.31410, 60.52742, 8.29,0.64
240.74015, 60.45600, 8.33,1.17
239.90765, 64.74520, 8.33,1.19
233.88082, 59.09740, 8.38,1.59
242.89649, 61.19939, 8.39,1.43
230.78695, 60.99371, 8.41,0.61
233.75725, 60.25482, 8.42,0.61
242.15214, 62.48547, 8.42,0.54
240.07581, 58.93437, 8.42,0.41
232.59427, 59.56152, 8.42,2.00
236.86391, 61.02276, 8.43,0.63
241.54045, 61.62550, 8.43,0.06
241.05757, 59.37570, 8.44,0.53
235.30704, 59.34767, 8.45,1.15
236.11267, 64.47932, 8.45,1.11
229.59811, 62.15781, 8.47,0.69
234.99425, 61.54948, 8.47,1.14
237.12426, 62.34451, 8.47,0.43
234.69235, 60.01099, 8.51,1.23
242.03621, 64.23916, 8.53,0.52
240.89496, 61.72005, 8.53,0.96
232.22056, 62.58007, 8.55,0.77
240.86839, 61.34341, 8.57,0.30
238.66401, 58.09343, 8.58,0.61
236.20198, 64.55722, 8.60,1.21
239.65644, 59.75098, 8.63,0.68
237.49715, 60.20462, 8.64,1.11
241.87364, 62.28029, 8.66,0.42
241.78680, 62.72192, 8.66,0.69
245.07612, 61.49630, 8.67,0.62
237.52435, 59.01298, 8.68,1.26
244.85813, 60.80285, 8.70,1.28
238.40894, 59.00461, 8.70,0.70
242.74920, 59.93224, 8.73,0.25
243.83131, 60.23490, 8.74,1.14
233.53095, 60.32495, 8.75,0.42
234.34639, 62.81741, 8.75,1.43
235.87684, 59.11375, 8.76,0.65
236.21309, 62.86090, 8.77,0.78
235.47118, 63.34570, 8.79,1.85
235.35913, 65.09318, 8.81,3.01
239.61729, 63.83074, 8.82,0.40
232.81091, 64.14590, 8.84,1.05
238.24986, 60.11471, 8.85,0.78
233.72140, 58.33768, 8.86,1.84
241.64649, 64.29548, 8.89,1.53
235.31640, 59.98882, 8.91,0.90
238.40778, 59.06728, 8.93,0.66
233.16039, 60.54971, 8.94,0.66
243.03962, 63.38409, 8.96,1.45
241.24749, 60.24531, 9.01,0.66
241.42208, 63.46144, 9.01,1.04
238.39791, 64.77674, 9.02,1.41
237.78405, 59.47810, 9.02,0.99
237.88718, 64.02220, 9.02,1.35
238.31642, 57.96473, 9.03,0.98
233.78079, 64.09435, 9.03,0.56
244.66203, 61.29084, 9.04,2.11
233.98706, 64.10002, 9.04,1.11
236.24529, 60.04913, 9.05,0.38
237.40854, 62.67157, 9.05,1.23
240.07149, 59.33292, 9.07,1.27
235.88642, 59.71608, 9.09,0.82
231.09195, 61.29620, 9.11,1.25
238.05028, 64.94810, 9.11,0.64
235.15848, 61.95953, 9.12,1.39
235.51752, 62.32104, 9.13,1.40
241.68094, 60.65941, 9.13,1.53
234.25151, 64.44009, 9.14,0.94
244.93304, 61.53762, 9.16,1.39
239.72697, 60.84189, 9.17,0.62
233.59665, 60.92169, 9.18,0.55
235.02501, 58.78430, 9.18,0.94
244.78530, 61.43834, 9.18,0.90
238.14633, 62.31770, 9.19,1.32
242.13907, 62.03813, 9.19,0.55
243.48886, 63.53351, 9.20,0.72
236.51669, 60.30485, 9.21,0.62
230.41704, 61.92352, 9.23,0.70
236.09256, 58.79271, 9.23,1.82
240.06266, 58.92289, 9.23,1.69
237.16951, 64.09869, 9.25,0.67
231.83058, 61.80821, 9.25,1.59
235.31669, 59.98908, 9.26,0.91
244.34062, 62.52972, 9.26,1.23
234.01263, 64.91463, 9.27,0.58
232.79449, 64.30041, 9.28,0.64
235.94851, 58.02427, 9.29,0.14
240.07792, 63.75536, 9.29,0.70
234.25184, 64.44003, 9.30,0.92
240.67744, 60.04675, 9.30,1.30
243.24065, 63.31678, 9.30,1.18
240.49619, 60.48258, 9.30,0.53
239.93489, 62.75585, 9.31,1.18
231.33980, 62.08786, 9.32,1.96
239.08237, 63.81742, 9.32,1.06
241.92249, 60.77848, 9.32,0.62
238.90721, 57.89191, 9.32,2.77
230.17918, 61.28732, 9.33,0.62
240.17926, 61.95520, 9.34,0.84
240.77111, 59.91560, 9.35,1.88
235.42375, 60.73379, 9.35,1.24
239.52199, 57.83367, 9.37,1.21
238.84628, 62.15490, 9.37,0.68
232.57317, 64.01335, 9.37,0.45
230.51917, 61.54505, 9.38,0.34
238.87842, 58.72111, 9.40,1.22
234.65042, 64.65133, 9.41,1.27
240.02505, 63.14354, 9.42,0.90
235.12661, 62.36072, 9.42,1.34
238.68240, 61.52732, 9.42,0.80
236.53364, 59.41219, 9.42,0.68
239.98262, 64.54410, 9.42,0.45
236.19927, 64.74062, 9.42,1.38
229.70203, 62.37341, 9.43,0.80
236.81731, 58.81897, 9.43,1.28
234.81463, 63.31192, 9.43,0.59
235.47409, 60.60793, 9.44,0.60
232.81722, 59.12516, 9.45,0.84
231.66032, 60.97352, 9.45,1.20
243.27873, 62.17326, 9.45,1.36
235.51150, 62.04943, 9.46,0.76
229.29575, 61.87654, 9.46,0.44
241.40323, 61.58662, 9.46,0.45
241.18807, 63.14353, 9.48,0.63
242.43867, 62.39587, 9.50,1.18
233.44685, 59.13010, 9.51,1.38
240.14529, 61.66152, 9.51,1.55
232.98035, 62.94518, 9.51,0.76
234.57382, 64.94574, 9.51,0.61
243.81241, 60.76995, 9.51,0.61
241.23423, 63.65471, 9.52,1.24
236.98532, 60.10421, 9.53,1.14
235.23481, 64.48226, 9.53,0.74
236.15664, 64.48602, 9.53,1.35
239.50891, 63.51059, 9.54,1.03
232.12870, 64.23840, 9.54,1.36
234.08795, 63.90015, 9.55,0.57
234.77609, 58.05867, 9.55,1.89
241.67216, 61.98275, 9.56,1.27
237.78958, 64.21901, 9.57,0.56
232.71645, 59.01015, 9.57,1.40
239.65495, 63.34265, 9.57,0.83
238.41971, 61.68656, 9.58,1.46
235.00580, 59.43228, 9.58,0.59
241.67740, 61.39645, 9.59,0.09
240.69259, 63.40160, 9.59,1.49
241.48558, 62.41881, 9.60,0.65
240.88536, 60.74815, 9.60,0.94
232.72383, 59.99757, 9.61,0.62
235.09385, 64.09774, 9.61,0.75
244.34151, 62.17932, 9.62,1.38
235.61466, 60.11539, 9.62,0.50
240.69824, 61.27536, 9.64,1.20
243.07622, 62.37730, 9.64,1.30
234.40152, 61.22093, 9.65,0.70
233.46372, 63.90808, 9.65,0.63
237.67350, 62.93314, 9.65,0.68
235.25472, 63.99742, 9.65,0.58
235.83640, 60.34093, 9.65,0.61
235.08198, 58.76854, 9.65,0.59
236.22903, 59.42858, 9.65,0.28
232.31345, 62.87000, 9.65,1.24
240.88729, 61.46155, 9.66,0.76
235.76766, 59.89051, 9.66,1.39
238.93754, 60.55360, 9.67,1.16
235.87094, 63.47823, 9.67,0.73
232.74236, 62.63821, 9.67,0.91
236.67288, 61.83538, 9.67,1.74
243.29966, 60.09041, 9.67,1.10
241.14605, 60.04138, 9.67,0.81
232.80505, 62.90047, 9.68,0.66
242.68380, 62.43598, 9.68,2.41
240.03895, 61.60629, 9.68,1.11
237.65661, 62.12675, 9.68,0.58
242.26862, 62.83412, 9.69,1.37
235.41578, 62.77825, 9.70,1.25
230.25449, 62.81910, 9.72,0.57
239.43867, 58.76024, 9.72,1.07
234.77308, 61.10242, 9.73,0.65
230.62414, 60.72977, 9.74,0.64
242.96882, 63.30711, 9.75,0.56
233.79646, 61.97914, 9.75,0.87
240.07585, 58.93396, 9.76,0.17
238.45405, 59.80473, 9.77,0.93
229.16563, 61.83692, 9.78,1.11
239.45419, 59.27193, 9.78,1.58
238.63211, 58.71763, 9.79,1.57
233.37921, 60.86245, 9.79,1.21
239.53714, 57.86467, 9.79,1.05
235.60298, 61.21805, 9.79,0.48
239.52195, 58.90693, 9.80,1.71
230.25421, 62.58219, 9.80,1.23
240.40055, 63.00803, 9.81,0.55
238.35618, 61.35204, 9.81,1.16
236.36611, 64.09083, 9.82,1.11
233.40025, 62.94306, 9.83,0.68
240.75906, 58.44117, 9.83,0.78
233.38918, 62.04442, 9.83,0.55
237.26783, 61.47924, 9.84,0.54
237.67387, 65.02634, 9.84,2.28
238.63150, 60.80099, 9.84,1.04
233.21241, 59.75175, 9.85,0.52
239.31821, 63.38381, 9.85,0.75
237.47248, 60.76484, 9.85,0.65
234.77641, 62.06907, 9.85,1.17
241.05449, 59.61828, 9.85,0.63
236.89658, 58.86756, 9.86,0.51
237.78386, 58.67795, 9.87,1.13
237.66087, 63.64180, 9.87,1.47
234.83158, 62.69098, 9.87,2.12
236.23886, 59.43036, 9.87,0.33
238.96572, 58.14017, 9.88,0.67
235.05338, 60.78337, 9.89,0.63
232.25420, 59.19246, 9.89,1.19
238.38890, 64.54573, 9.90,0.83
233.32324, 63.28894, 9.90,1.17
236.64692, 62.98155, 9.90,0.60
237.66674, 63.74008, 9.90,1.05
236.47310, 60.29924, 9.91,1.12
243.99088, 62.46631, 9.91,0.75
241.53521, 61.54549, 9.91,1.39
231.72806, 62.92895, 9.92,0.86
234.80705, 62.86256, 9.92,2.04
243.07632, 61.34235, 9.93,0.97
241.53275, 61.30472, 9.93,0.65
239.08817, 58.83302, 9.93,1.24
241.31250, 63.07768, 9.93,0.85
232.40376, 63.34467, 9.93,1.30
234.46094, 61.46383, 9.93,1.20
234.92737, 58.97291, 9.94,0.97
236.06558, 58.91134, 9.94,1.33
239.62178, 62.47681, 9.94,0.68
242.57894, 59.75311, 9.94,0.66
245.07601, 61.49568, 9.95,0.67
244.34708, 62.06350, 9.95,0.90
236.90527, 62.85334, 9.96,1.36
233.07055, 58.79411, 9.96,0.81
234.08276, 59.45217, 9.96,1.68
236.83669, 59.89687, 9.96,0.61
237.00955, 58.75296, 9.96,0.86
242.06572, 60.62325, 9.97,0.67
239.72456, 61.45910, 9.97,0.38
238.04825, 64.88363, 9.97,0.71
233.87184, 62.97046, 9.98,0.30
233.52647, 59.65349, 9.99,1.13
244.27559, 61.31654, 9.99,1.12
232.52541, 59.23235, 9.99,0.78
232.40211, 60.88295,10.00,0.63
240.43712, 64.09650,10.02,1.14
232.94241, 63.09283,10.02,0.59
237.24044, 58.68361,10.02,1.43
236.89184, 61.80559,10.02,1.22
240.68325, 63.58028,10.03,3.05
236.77273, 61.42780,10.03,1.09
235.26434, 59.79372,10.04,1.11
237.01415, 60.73704,10.04,0.76
241.77727, 59.92230,10.05,1.21
238.89093, 59.94247,10.05,0.59
235.36232, 58.13313,10.05,1.09
239.86513, 62.85992,10.06,1.20
239.72713, 63.37576,10.06,0.82
233.20841, 58.34302,10.06,0.60
242.04239, 61.63318,10.06,1.07
236.00804, 58.07021,10.06,0.71
240.00659, 62.63313,10.06,1.10
241.84773, 60.44350,10.07,0.58
233.00764, 60.26339,10.07,1.24
231.35187, 63.61683,10.08,0.72
232.80420, 62.90050,10.08,0.68
238.42927, 59.42116,10.09,1.14
238.92604, 64.46527,10.09,1.17
237.19772, 64.25792,10.10,0.72
234.95505, 58.90445,10.10,0.39
233.18530, 60.40992,10.10,1.85
235.52875, 64.56518,10.10,1.35
243.30607, 61.41543,10.11,1.23
236.57051, 61.77526,10.12,0.69
238.84919, 61.77939,10.12,0.57
241.92349, 62.37738,10.13,1.14
237.35194, 61.51088,10.13,1.30
235.51174, 63.72578,10.13,1.18
233.66133, 63.17078,10.14,0.87
240.63575, 62.81124,10.14,0.20
234.78745, 65.06641,10.15,0.55
234.96902, 61.72982,10.15,1.19
230.01688, 62.23964,10.15,0.82
232.81421, 63.26382,10.16,1.18
234.39873, 60.48224,10.16,0.55
235.75274, 61.46494,10.17,0.81
234.95711, 58.09452,10.17,0.58
238.37462, 60.79504,10.18,1.29
231.79812, 60.74309,10.18,0.96
239.06273, 63.40651,10.19,0.80
239.35437, 64.08108,10.19,1.23
235.90623, 58.02041,10.19,0.57
237.79034, 64.57810,10.19,2.06
231.46483, 60.87730,10.19,1.45
229.49476, 61.37089,10.20,0.69
232.72460, 63.47050,10.20,0.70
243.27925, 63.23760,10.20,0.66
236.29060, 60.71261,10.20,1.16
240.83112, 59.88497,10.21,0.65
237.84192, 59.18440,10.21,0.45
244.10136, 61.40832,10.21,0.63
234.45892, 58.72514,10.21,1.32
239.32961, 58.56091,10.22,0.68
234.07358, 62.89182,10.22,0.71
233.14482, 61.34214,10.22,1.32
237.67288, 62.44729,10.22,2.03
236.75515, 59.00498,10.22,1.23
241.74527, 60.86379,10.22,0.74
232.39964, 61.37842,10.22,0.79
239.62602, 62.09280,10.22,0.93
233.25749, 58.37569,10.22,0.38
243.11016, 63.09300,10.22,0.57
232.67419, 62.96857,10.23,0.74
241.66757, 64.42977,10.24,0.59
244.02742, 62.10594,10.24,1.58
242.86251, 61.27466,10.25,1.53
240.87006, 64.86090,10.25,0.95
233.87416, 59.60834,10.25,1.36
239.54599, 62.30267,10.26,1.15
235.81232, 62.20748,10.27,0.79
236.68423, 62.34128,10.27,0.70
240.56653, 59.16570,10.27,0.71
235.62150, 59.42136,10.28,1.25
233.65916, 62.23052,10.28,1.27
237.19838, 61.90179,10.29,1.27
234.61066, 58.15750,10.29,0.74
235.82296, 58.58617,10.29,0.91
231.48436, 60.52969,10.29,0.60
235.61363, 64.03660,10.30,0.98
237.28078, 58.45719,10.30,0.44
239.41095, 59.80029,10.30,0.59
236.54813, 62.85639,10.31,0.65
232.19597, 60.50680,10.31,1.26
236.41536, 63.25610,10.31,0.46
240.83835, 62.09934,10.31,1.15
237.40369, 59.05898,10.31,0.88
237.62631, 62.69562,10.31,1.20
234.14449, 61.71744,10.31,0.79
235.13326, 61.22849,10.32,0.65
233.30215, 64.94282,10.32,0.78
233.64436, 63.89750,10.33,1.88
232.31102, 63.99144,10.33,0.16
231.14446, 63.28995,10.33,1.16
234.06535, 58.89153,10.34,1.05
239.00015, 64.10573,10.35,0.38
239.58497, 58.66011,10.35,1.11
239.16117, 59.97783,10.36,0.77
233.31174, 61.89591,10.36,0.92
235.11582, 59.56893,10.36,1.37
230.95446, 63.18523,10.37,0.64
232.36694, 59.45378,10.37,1.30
230.78610, 60.99380,10.37,0.85
234.27861, 60.35792,10.37,0.62
234.69916, 60.78532,10.37,0.41
231.87434, 61.79048,10.37,1.15
243.34984, 60.24653,10.38,1.35
231.48239, 59.89878,10.38,1.28
239.99226, 61.18916,10.38,0.72
241.48517, 59.05224,10.38,1.21
229.23387, 61.96519,10.38,0.62
238.39251, 62.93333,10.38,0.69
240.55378, 59.30551,10.39,1.32
242.59996, 64.35128,10.39,1.14
238.94034, 59.90623,10.40,1.16
237.96894, 61.92079,10.40,0.70
236.97506, 59.93800,10.42,0.79
234.23748, 59.33890,10.42,0.74
233.93952, 64.45482,10.42,1.96
236.33979, 60.80511,10.43,0.50
243.12089, 61.18173,10.43,0.46
234.04180, 64.53095,10.43,0.79
238.71325, 58.62271,10.43,0.80
238.58803, 62.68165,10.43,0.67
230.48582, 60.57156,10.43,0.70
238.76446, 63.55601,10.43,0.77
233.99986, 61.84315,10.43,1.19
244.05252, 61.43724,10.43,0.78
232.10308, 63.82263,10.44,1.29
244.91894, 61.79382,10.44,1.19
240.89347, 64.62982,10.44,1.20
230.09472, 62.24389,10.44,1.09
240.48009, 60.82956,10.44,0.74
234.45323, 60.57468,10.45,0.67
238.21141, 63.99695,10.45,1.22
241.36464, 58.94713,10.45,1.39
238.30457, 59.04710,10.46,1.24
237.95447, 60.83658,10.46,0.83
241.49249, 63.82814,10.46,0.97
239.51544, 63.19113,10.46,0.82
235.01984, 59.67660,10.47,0.58
241.23902, 61.46352,10.48,0.82
238.19458, 62.65361,10.48,1.20
238.78946, 62.20883,10.48,-0.03
234.91270, 59.95851,10.48,1.04
242.00087, 62.23484,10.48,0.62
241.88629, 61.09864,10.49,0.87
238.61507, 58.80843,10.50,0.73
230.94611, 60.38964,10.50,1.39
239.52910, 63.19825,10.50,1.24
239.54950, 58.93437,10.51,1.12
235.75931, 60.56697,10.51,1.56
243.00185, 60.24961,10.51,1.49
235.99638, 59.69676,10.52,1.11
242.83287, 60.17663,10.52,0.61
240.97430, 59.94530,10.52,1.18
241.47348, 60.93019,10.52,1.13
231.85161, 62.39762,10.52,0.59
231.19456, 63.36662,10.53,0.77
244.84117, 61.36013,10.53,1.11
237.68983, 58.96519,10.53,1.69
239.07801, 64.56699,10.53,0.64
235.17742, 60.76189,10.53,0.75
232.45764, 62.99492,10.53,0.70
238.17577, 64.83115,10.54,0.47
239.77374, 60.50526,10.54,0.80
233.68594, 62.27907,10.54,0.83
236.93312, 59.20390,10.54,0.75
241.61800, 60.66126,10.55,1.13
233.57882, 60.63062,10.55,0.78
235.80138, 62.23717,10.55,0.60
239.63825, 63.93886,10.55,1.15
240.93371, 64.81281,10.55,1.33
237.69371, 58.28709,10.55,1.09
236.54199, 58.44411,10.56,1.26
237.08538, 59.83323,10.56,0.77
232.16587, 61.35671,10.56,0.73
233.51770, 63.30891,10.56,0.91
232.48703, 61.82184,10.56,0.57
234.08535, 58.84317,10.57,0.60
233.24374, 64.80351,10.58,1.25
244.07973, 62.37273,10.58,0.96
235.51948, 58.35364,10.58,0.88
238.45129, 64.16007,10.58,1.90
237.20500, 59.26088,10.58,0.78
234.41561, 59.43984,10.58,0.87
240.55212, 60.39980,10.58,0.85
233.61805, 59.12655,10.58,1.07
238.34827, 64.32102,10.59,0.66
243.88758, 61.45667,10.59,0.51
240.25100, 59.01745,10.60,1.30
235.17411, 64.72155,10.60,1.00
244.78644, 61.43873,10.60,0.00
238.59952, 61.88561,10.60,1.00
241.56305, 61.05709,10.60,0.76
232.87467, 64.19549,10.61,0.55
238.26081, 61.08673,10.61,0.73
238.40225, 60.83630,10.61,1.25
241.34197, 63.11714,10.61,1.43
235.30965, 60.77064,10.61,0.53
241.78977, 60.41609,10.62,1.06
231.95510, 60.22630,10.62,0.67
240.84645, 62.48351,10.62,0.89
239.61635, 60.79889,10.62,0.67
239.37642, 59.86072,10.63,1.08
238.13488, 58.98895,10.63,1.19
243.49448, 60.53130,10.63,0.68
239.86071, 62.35436,10.63,1.22
231.14705, 62.29090,10.63,1.25
237.97570, 60.18466,10.63,0.79
237.84139, 60.41170,10.63,0.70
232.40255, 61.41689,10.63,0.90
236.07346, 58.80095,10.63,0.62
235.83603, 63.78960,10.63,1.35
234.24099, 58.40342,10.63,1.05
238.73632, 59.84774,10.63,0.80
232.32020, 59.86549,10.63,0.97
230.86999, 61.91572,10.64,1.15
235.73501, 61.26112,10.64,1.10
237.14824, 62.69523,10.64,0.72
240.51599, 61.27148,10.64,0.63
237.16285, 64.66602,10.64,0.88
242.12265, 61.04641,10.65,0.55
239.26272, 64.60286,10.65,0.79
242.64409, 62.70179,10.65,1.22
238.68223, 64.38182,10.65,0.83
237.25548, 63.88963,10.65,1.31
236.15581, 59.85870,10.65,1.15
242.97239, 63.16939,10.66,0.75
243.46575, 61.14107,10.66,1.21
243.48543, 60.16035,10.66,1.08
232.31995, 59.10219,10.66,1.25
237.54902, 62.58605,10.66,1.41
232.46527, 61.71373,10.66,1.51
236.07994, 64.66128,10.67,1.55
239.37180, 62.33284,10.67,0.66
245.08419, 61.20893,10.67,0.88
237.86801, 58.06481,10.67,0.78
242.13680, 64.26798,10.67,1.26
233.52822, 58.14785,10.67,0.93
233.90646, 65.02097,10.67,0.68
239.30568, 62.09090,10.67,0.98
241.90256, 63.33361,10.68,1.11
231.91692, 64.07695,10.68,1.25
232.72702, 60.83743,10.68,0.94
237.89610, 59.79235,10.68,0.62
244.72290, 61.48136,10.69,0.76
242.78706, 61.77348,10.69,1.22
236.81907, 63.98107,10.69,0.52
240.48791, 60.48513,10.69,0.77
242.41007, 63.71504,10.69,0.64
233.99238, 61.24012,10.69,0.61
233.57137, 59.70208,10.70,0.56
238.36836, 59.57902,10.70,0.99
242.46938, 62.48383,10.70,1.28
233.64152, 63.86045,10.70,0.74
231.33446, 63.16855,10.71,1.45
242.61746, 64.51221,10.71,0.74
239.24707, 58.30468,10.72,1.16
239.78105, 63.56143,10.72,1.18
239.65912, 59.95716,10.72,1.08
241.81692, 61.35649,10.73,0.80
241.50236, 59.44213,10.73,1.20
241.57226, 62.76285,10.73,0.45
238.40607, 61.61608,10.73,1.10
237.93317, 62.80759,10.73,0.67
230.78486, 60.61653,10.74,0.74
233.09678, 63.44834,10.74,0.68
240.34195, 61.87736,10.75,0.92
240.39093, 62.32207,10.75,0.73
238.24447, 59.90491,10.75,0.66
240.24102, 58.42829,10.75,1.13
242.11273, 63.03493,10.76,1.23
242.69746, 61.06738,10.76,0.72
234.95349, 58.44590,10.76,0.66
236.74170, 60.42516,10.76,2.07
240.08938, 63.33059,10.76,0.52
229.96779, 62.03833,10.76,1.23
239.09617, 62.44759,10.76,0.80
239.09643, 59.41040,10.77,1.14
235.57234, 64.86662,10.77,0.61
235.01479, 62.58438,10.77,0.66
231.11633, 61.33025,10.78,1.15
233.72635, 61.67918,10.78,1.48
236.05311, 63.93317,10.78,0.58
234.52134, 59.26324,10.78,1.19
235.98399, 59.74249,10.79,0.87
243.13605, 63.32787,10.79,0.67
242.51397, 64.65234,10.79,0.70
234.01657, 65.07612,10.79,0.82
232.77002, 62.71678,10.80,1.23
236.70687, 60.78610,10.80,0.64
236.60862, 64.69870,10.81,1.15
238.18857, 64.21497,10.82,0.56
232.80407, 60.03710,10.83,1.21
231.43089, 61.28622,10.83,0.86
242.58889, 59.55642,10.84,0.70
231.50908, 60.68975,10.84,0.68
230.75958, 61.95986,10.84,1.15
229.65157, 61.55417,10.84,1.19
234.40750, 59.11237,10.84,1.01
235.04284, 61.30361,10.84,0.71
238.93303, 59.41753,10.85,1.18
238.96777, 59.32541,10.85,0.72
240.84236, 63.44292,10.85,0.77
234.01867, 61.12668,10.85,1.32
244.58213, 60.93560,10.85,1.25
238.77163, 60.12999,10.85,0.81
236.33687, 60.79348,10.85,1.00
238.07075, 63.44563,10.85,1.35
239.90416, 60.97341,10.86,1.18
232.09738, 62.32664,10.87,1.66
231.92340, 59.98704,10.87,1.04
232.67470, 62.57860,10.87,1.03
240.97446, 59.74841,10.87,0.69
238.15451, 62.80596,10.87,1.10
238.88741, 60.39227,10.87,0.81
240.56164, 60.07119,10.88,0.84
231.48624, 62.94138,10.88,1.08
233.63806, 59.88017,10.88,0.89
233.77251, 62.46607,10.88,0.83
240.86736, 61.34376,10.88,0.00
231.52978, 63.04647,10.89,0.90
239.32501, 64.93625,10.89,1.30
239.98427, 64.54448,10.89,0.00
242.47236, 64.22123,10.89,0.68
234.92151, 63.18222,10.89,1.30
232.01662, 62.38379,10.89,0.62
235.86762, 60.58765,10.89,0.59
240.93521, 59.38569,10.89,0.60
231.46959, 61.70600,10.90,0.82
234.27870, 60.35848,10.90,0.65
232.80594, 60.69395,10.90,1.40
242.12324, 64.08042,10.90,0.74
241.14469, 60.85831,10.90,1.06
239.42843, 62.30680,10.90,1.17
240.14316, 60.69975,10.91,1.07
236.04853, 62.11077,10.91,0.84
236.84370, 62.32370,10.91,1.19
234.94111, 62.31445,10.92,0.77
238.27720, 63.65588,10.92,0.77
232.94943, 64.63079,10.92,0.81
232.20253, 59.45470,10.92,0.99
238.17181, 60.88445,10.92,0.86
243.73767, 63.22364,10.92,0.62
243.79133, 62.54748,10.92,1.52
240.72233, 60.67661,10.92,0.80
240.63770, 63.50601,10.92,0.74
238.52803, 57.92058,10.93,1.17
235.90809, 61.59940,10.93,1.22
240.22023, 58.77108,10.93,1.15
237.01791, 59.25671,10.94,0.88
233.88732, 59.17141,10.94,0.63
232.30640, 59.44466,10.94,0.75
232.14294, 62.08594,10.94,1.13
235.84012, 61.99579,10.94,1.26
243.73604, 63.22376,10.94,0.66
234.15352, 64.54721,10.94,0.59
244.70054, 61.49934,10.94,0.80
238.02025, 60.89678,10.95,0.77
243.14090, 64.00372,10.95,0.85
241.56395, 64.43184,10.95,0.63
233.85251, 62.85942,10.95,0.54
239.21762, 61.00317,10.96,1.14
235.63196, 59.38079,10.96,0.52
242.52413, 60.28238,10.96,0.61
231.52485, 62.74591,10.96,0.87
240.87306, 62.90726,10.96,0.55
232.21085, 60.63836,10.96,0.77
237.44299, 62.95335,10.96,1.03
238.70093, 60.94207,10.96,0.60
237.09002, 59.35025,10.97,1.39
241.25798, 60.61265,10.97,0.66
241.36107, 62.38680,10.97,1.24
235.52837, 60.81182,10.97,0.95
242.27491, 62.68129,10.97,1.24
238.70259, 58.99359,10.97,0.76
238.83423, 58.39729,10.97,1.38
231.77003, 59.67429,10.98,0.96
232.02787, 60.46209,10.98,0.68
242.00898, 63.28597,10.98,0.55
239.93892, 59.68898,10.98,0.72
231.54398, 62.33385,10.98,0.83
235.27393, 62.03275,10.98,0.78
238.45261, 60.86028,10.98,0.82
244.03698, 60.59511,10.98,1.01
234.90449, 61.92967,10.98,1.20
235.64254, 60.91856,10.99,1.38
231.74181, 62.48970,10.99,0.66
237.88321, 61.59805,10.99,0.61
239.47078, 58.77665,11.00,0.94
231.69608, 61.68683,11.00,0.80
241.00266, 59.73625,11.01,0.98
231.59193, 60.50359,11.01,0.72
233.82998, 61.28461,11.01,0.66
240.91795, 61.75658,11.01,0.65
237.16960, 63.53918,11.01,0.94
239.32892, 63.51762,11.02,0.61
239.22043, 61.74795,11.03,1.10
236.70677, 63.47187,11.03,1.22
243.10993, 61.51994,11.03,1.29
234.37230, 61.97204,11.03,0.76
243.90631, 61.73118,11.03,1.95
244.85384, 61.13109,11.04,0.85
236.27679, 58.42918,11.04,1.11
238.52228, 61.89087,11.04,1.25
235.39502, 61.10031,11.05,0.85
235.04724, 59.92555,11.05,0.68
230.24504, 62.49454,11.05,0.52
238.86092, 63.47511,11.05,0.85
236.06444, 61.77631,11.05,0.83
232.99525, 64.50898,11.05,0.70
233.92031, 63.29054,11.05,1.21
234.93301, 58.83622,11.05,1.69
236.97012, 60.88472,11.05,0.69
236.84972, 64.39911,11.06,0.70
233.55402, 58.43588,11.06,0.84
239.24557, 59.45024,11.06,0.93
232.12799, 62.74795,11.06,0.71
234.81418, 64.53554,11.06,1.10
234.25031, 64.08148,11.07,1.17
243.37703, 63.05553,11.07,0.68
236.31153, 60.46628,11.07,0.80
241.93277, 62.33825,11.07,0.89
234.12291, 64.62552,11.07,0.83
243.35233, 62.04265,11.07,0.81
230.19993, 62.68156,11.08,1.14
239.16126, 58.24931,11.08,0.78
243.15997, 63.06847,11.08,0.86
238.70546, 58.56746,11.08,0.71
239.09163, 58.65834,11.08,0.72
240.09003, 58.44495,11.08,0.63
238.37580, 60.30333,11.09,0.62
243.20950, 60.44194,11.09,0.85
237.87672, 62.66877,11.09,0.73
232.52583, 60.25109,11.09,1.22
239.53031, 59.38512,11.09,0.75
239.47868, 60.17402,11.09,1.58
239.91662, 58.60134,11.09,1.11
233.92328, 64.51457,11.09,1.03
244.12446, 61.60165,11.09,0.63
238.99125, 64.59014,11.10,1.17
229.87298, 61.88919,11.10,0.77
237.73166, 59.53057,11.10,1.28
234.94829, 60.90236,11.10,1.04
241.44725, 60.76648,11.10,0.86
239.93916, 59.68887,11.10,0.71
238.32100, 60.98313,11.10,0.69
236.28822, 59.99315,11.11,0.84
238.98595, 60.43168,11.11,0.73
232.15472, 60.76220,11.11,1.13
240.26543, 60.31224,11.11,0.73
237.38923, 64.02447,11.11,0.90
238.55982, 60.67373,11.11,0.84
238.50357, 58.73188,11.12,0.64
237.30120, 61.96401,11.12,1.53
242.07394, 59.57784,11.12,0.87
230.55008, 60.45884,11.12,1.27
238.32899, 58.56828,11.12,0.89
241.01067, 59.19588,11.12,1.23
243.69287, 62.61040,11.13,1.16
243.92462, 61.54402,11.13,0.63
229.92595, 62.35038,11.13,0.72
242.04084, 60.18240,11.13,0.81
241.01993, 63.01269,11.13,0.60
240.93990, 64.59426,11.13,0.87
239.34180, 64.95308,11.13,0.69
237.11107, 58.54237,11.13,0.87
233.68022, 61.91324,11.13,0.62
243.48881, 61.01380,11.13,0.72
234.43005, 61.00241,11.14,0.82
236.29905, 64.88647,11.14,0.72
243.94243, 61.07886,11.14,0.71
240.96050, 63.06450,11.14,1.21
231.51955, 62.03328,11.15,0.71
238.13412, 58.33585,11.15,1.01
244.02296, 61.32069,11.15,1.09
232.51420, 62.31298,11.15,0.64
236.18292, 63.41122,11.15,0.70
242.08752, 60.24283,11.15,1.16
231.98520, 62.47526,11.15,0.80
233.19889, 61.92920,11.16,1.59
230.60871, 62.19371,11.16,0.67
235.46352, 61.26057,11.16,1.15
242.70947, 61.38340,11.16,1.16
233.63325, 61.93222,11.16,0.63
242.16363, 64.38064,11.17,0.59
232.66955, 60.29443,11.17,0.61
240.15214, 59.65816,11.17,1.16
241.72924, 63.19528,11.17,1.21
236.31974, 58.38613,11.17,0.75
229.94585, 60.87653,11.18,0.44
241.38852, 63.54000,11.18,0.86
233.46632, 63.39647,11.18,0.62
234.01786, 61.65171,11.18,0.64
235.46421, 59.85340,11.18,0.54
236.59284, 60.15786,11.18,0.69
243.80967, 60.82230,11.18,0.57
233.82620, 60.22179,11.18,0.80
238.89010, 59.58399,11.18,0.59
240.30175, 62.23270,11.18,0.60
238.35093, 62.11442,11.18,0.61
237.24383, 58.80075,11.18,0.70
236.08566, 62.25966,11.18,0.97
237.92980, 64.96422,11.19,0.79
237.41381, 59.80081,11.19,1.08
237.50067, 61.90245,11.19,0.95
237.48534, 58.62492,11.19,1.22
238.40792, 63.43508,11.19,0.50
237.75362, 62.05495,11.19,0.86
233.93766, 63.77252,11.19,1.24
240.56186, 60.07122,11.19,0.84
237.55203, 62.52366,11.19,1.15
243.34431, 60.78526,11.20,0.87
243.33019, 63.06775,11.20,0.73
231.84095, 60.63895,11.20,1.11
233.19578, 58.72481,11.20,0.72
230.61450, 60.42553,11.20,0.70
239.59850, 58.78535,11.20,0.71
239.38639, 58.27457,11.20,0.71
242.46098, 63.95438,11.21,1.19
237.67484, 59.76820,11.21,1.18
240.12023, 62.55255,11.21,1.16
233.65335, 59.76018,11.21,0.71
233.66232, 63.24738,11.22,1.11
236.74967, 58.97434,11.22,1.09
243.50078, 62.31772,11.22,1.11
236.75737, 60.12541,11.22,1.09
231.70519, 61.29101,11.22,0.75
242.57757, 63.75282,11.22,0.68
234.63480, 60.76757,11.22,0.79
240.21292, 62.50826,11.22,0.82
238.85309, 63.07972,11.23,1.33
243.75979, 60.24707,11.23,1.03
240.18048, 60.29872,11.23,0.64
232.34630, 59.10823,11.23,0.63
237.77349, 62.30484,11.24,0.59
241.94260, 60.96293,11.24,0.92
239.00213, 62.01882,11.24,1.14
241.06578, 64.00250,11.24,0.98
232.79747, 64.47844,11.24,0.84
236.07940, 58.76430,11.24,1.95
242.49785, 63.93014,11.24,1.15
237.72736, 58.57670,11.24,0.85
237.29648, 63.15492,11.24,0.67
233.99664, 58.51765,11.24,0.92
238.21909, 62.08464,11.24,0.91
242.71703, 60.44068,11.24,0.80
241.21774, 59.39427,11.24,0.82
232.00916, 63.42778,11.25,0.72
240.33979, 63.57050,11.25,0.93
233.61913, 63.16133,11.25,0.79
231.89393, 63.08529,11.25,0.62
240.92354, 59.08928,11.25,0.00
236.21566, 61.25379,11.25,0.74
230.29891, 61.79674,11.25,1.14
245.17401, 61.47843,11.25,0.41
240.29819, 60.52685,11.25,0.66
229.48633, 61.11538,11.25,0.85
242.85327, 60.35036,11.25,1.25
243.78981, 62.87470,11.26,0.77
233.61237, 64.36869,11.26,0.87
238.61598, 63.73611,11.26,0.57
234.96718, 64.91981,11.26,0.63
240.30396, 62.82818,11.26,1.26
243.92629, 62.68282,11.26,1.41
242.10654, 63.70892,11.27,0.84
234.80570, 61.22541,11.27,1.30
242.24907, 61.61375,11.27,0.87
237.14783, 59.44727,11.27,0.71
235.56315, 63.60570,11.27,0.66
243.14790, 62.74108,11.27,1.26
242.01846, 63.34927,11.28,0.85
237.42571, 58.95369,11.28,0.88
234.61530, 59.64680,11.28,0.75
240.86301, 61.32345,11.28,1.04
243.35501, 62.09654,11.28,0.36
242.04054, 63.19523,11.29,1.09
235.52602, 61.09187,11.29,0.18
240.21981, 62.66334,11.29,0.93
243.95704, 60.76823,11.29,0.72
230.11251, 60.69516,11.29,1.24
233.20519, 60.17623,11.29,1.11
234.30153, 61.94556,11.29,1.07
236.62767, 62.64786,11.29,1.32
238.75295, 58.58824,11.30,0.72
237.21898, 59.23347,11.30,0.64
239.91336, 60.75309,11.30,1.07
232.23091, 63.16682,11.31,1.09
230.45067, 61.07119,11.31,0.98
237.71300, 62.61934,11.31,0.70
242.28009, 63.74942,11.31,1.12
238.30794, 61.87976,11.31,1.40
239.25531, 60.09522,11.31,0.69
230.47592, 60.73163,11.31,0.72
236.00367, 60.59414,11.31,1.04
236.78007, 63.64292,11.32,1.15
236.73682, 63.93938,11.32,0.78
242.40985, 63.71498,11.32,0.64
239.88068, 64.15707,11.32,1.02
234.97774, 62.51885,11.32,1.08
241.77124, 63.29671,11.32,1.14
240.90513, 62.56356,11.32,1.11
234.47666, 64.66514,11.32,0.70
237.29003, 60.48659,11.32,0.87
232.17454, 63.11951,11.32,0.71
239.28452, 59.54573,11.32,0.56
237.38232, 60.40841,11.33,1.20
232.91616, 64.21216,11.33,0.83
238.48436, 60.19984,11.33,0.66
234.35061, 58.47263,11.33,1.17
234.58233, 60.02895,11.33,1.28
238.31063, 60.14004,11.33,0.68
243.09086, 61.97172,11.33,1.29
233.31599, 64.67785,11.33,1.66
236.55804, 58.80530,11.34,0.77
230.52058, 60.89711,11.34,0.80
236.75099, 59.41721,11.34,1.16
235.29848, 61.07069,11.34,0.84
236.18187, 62.24225,11.34,0.49
243.72685, 61.86465,11.34,1.04
234.44704, 58.70515,11.34,1.24
236.78439, 62.69724,11.34,1.34
238.53609, 61.22548,11.34,0.64
240.54086, 61.60793,11.35,1.34
234.19177, 64.74490,11.35,1.18
239.00088, 57.89733,11.35,1.18
231.55340, 61.49797,11.35,0.73
242.38182, 60.52742,11.35,0.75
237.69525, 59.65442,11.35,1.17
241.87147, 62.47688,11.35,0.82
239.91610, 63.59392,11.35,1.21
234.40558, 63.35995,11.35,1.43
236.07547, 63.58995,11.35,1.19
236.61640, 60.50393,11.36,1.10
237.59166, 64.02592,11.36,1.07
231.17608, 60.40209,11.36,0.63
233.01325, 63.71767,11.36,1.73
235.01939, 59.67684,11.36,0.61
243.34428, 61.95311,11.37,0.76
236.11379, 60.20780,11.37,0.86
237.24883, 63.96040,11.37,0.66
233.91064, 59.90544,11.37,0.74
234.65646, 65.13153,11.37,1.11
242.17063, 61.20946,11.37,0.80
238.78595, 59.92526,11.37,1.20
232.06143, 61.89133,11.38,0.63
239.49871, 62.53183,11.38,0.66
238.92831, 58.53929,11.38,1.03
242.36203, 61.73791,11.38,0.75
236.82758, 63.18344,11.38,1.44
239.78372, 58.66234,11.38,0.60
243.96088, 62.35955,11.38,1.00
243.93329, 60.37395,11.38,1.05
232.10098, 61.87478,11.39,0.68
238.91304, 61.93231,11.39,0.75
239.47961, 62.52852,11.39,1.29
234.91994, 59.38344,11.39,1.35
231.72022, 61.36700,11.39,0.65
233.19795, 61.82377,11.39,0.97
239.66808, 59.67186,11.39,1.14
237.33807, 63.90464,11.39,1.17
243.78385, 61.80610,11.39,0.79
234.79005, 62.53785,11.40,0.68
233.44216, 60.95613,11.40,0.71
239.57720, 61.18785,11.40,0.52
240.80734, 60.21688,11.40,0.88
240.85996, 58.69461,11.40,0.76
236.69571, 64.48384,11.40,0.47
237.32357, 61.52725,11.40,0.79
244.08878, 62.08947,11.40,1.11
234.36224, 63.39888,11.40,0.47
240.12541, 61.92158,11.41,1.39
244.64310, 60.61519,11.41,1.17
233.70112, 60.14379,11.41,0.74
230.20879, 62.76078,11.41,0.72
241.18211, 59.72476,11.41,0.69
236.70685, 60.78587,11.42,0.52
239.39947, 60.10258,11.42,0.77
237.64464, 61.63132,11.42,0.74
241.92710, 62.82640,11.42,0.72
238.65486, 64.91701,11.42,0.60
230.83080, 61.58826,11.42,1.56
241.85723, 61.94444,11.42,0.69
240.64508, 63.79907,11.42,0.81
236.43592, 62.54406,11.43,1.42
238.55303, 62.24629,11.43,0.85
236.23093, 63.18962,11.43,1.05
232.54634, 59.09316,11.43,0.78
238.28478, 58.14226,11.43,0.75
243.28521, 63.79176,11.43,1.17
243.42365, 62.97006,11.43,1.25
242.47401, 61.68134,11.43,1.04
234.90753, 64.36470,11.43,0.69
237.88648, 63.20717,11.43,0.70
239.23927, 60.83262,11.43,0.66
241.32148, 61.97586,11.44,0.78
241.31693, 59.96595,11.44,1.09
239.54298, 60.20060,11.44,0.84
240.00141, 61.87390,11.44,0.68
241.76692, 61.64417,11.44,0.71
238.76247, 61.23525,11.44,1.12
235.80074, 62.96885,11.44,0.66
231.88782, 61.00090,11.44,2.14
236.29774, 61.89544,11.44,0.57
231.57641, 62.43546,11.44,1.45
233.33651, 61.35765,11.44,1.23
237.38957, 64.39781,11.44,1.14
242.32251, 61.45759,11.44,1.11
240.72560, 60.67715,11.44,0.76
236.81580, 63.63458,11.45,0.74
236.18845, 59.39795,11.45,0.77
242.85429, 61.14077,11.45,1.01
234.30974, 60.95119,11.45,1.19
238.72145, 64.20976,11.45,1.20
240.04261, 63.59907,11.45,1.15
235.49638, 59.30945,11.45,1.10
239.24856, 59.85236,11.46,1.08
238.30384, 61.98497,11.46,0.82
241.34796, 60.50360,11.46,0.69
232.11174, 62.23658,11.46,0.73
237.89342, 58.79511,11.46,1.16
238.59453, 63.60713,11.47,1.22
235.70062, 61.79454,11.47,0.81
241.02465, 60.40243,11.47,0.76
241.71928, 59.11376,11.47,0.75
238.34911, 59.31593,11.47,1.30
233.10048, 62.51957,11.48,0.69
238.38789, 64.60527,11.48,0.89
237.87181, 63.75069,11.48,1.13
237.24684, 62.15879,11.48,1.33
236.86637, 59.84900,11.49,0.82
240.88269, 61.36385,11.49,0.77
238.66384, 58.20681,11.49,0.74
230.69481, 62.93833,11.49,0.71
244.14589, 62.63358,11.49,0.66
236.95984, 63.35390,11.49,1.39
239.43593, 58.11813,11.49,0.61
237.42687, 59.68134,11.49,1.19
239.94974, 59.55779,11.50,1.15
236.84673, 59.80312,11.50,0.90
230.86927, 60.15581,11.50,0.83
232.91594, 62.52618,11.50,1.16
243.92919, 60.30358,11.51,0.71
237.99917, 59.88096,11.51,0.95
234.58545, 63.00730,11.51,1.28
241.67830, 61.31939,11.51,0.86
231.41898, 61.29186,11.51,1.08
234.98376, 61.07523,11.51,0.89
244.81369, 62.01652,11.52,0.90
240.81868, 64.03285,11.52,0.61
238.49670, 57.94039,11.52,1.02
232.35483, 62.48318,11.52,1.03
243.77807, 62.41410,11.52,0.66
235.00858, 59.17160,11.52,0.98
236.58110, 60.75735,11.52,0.89
237.37558, 62.15243,11.52,0.73
240.57810, 61.47347,11.52,0.78
233.44060, 63.48354,11.52,0.76
239.01142, 63.21951,11.53,1.30
233.28813, 60.39456,11.53,1.21
244.17569, 60.92376,11.53,0.82
242.50444, 64.59511,11.53,1.17
242.86105, 60.63811,11.53,0.80
236.16684, 58.74259,11.53,1.52
233.02530, 60.95012,11.53,0.88
233.19926, 63.36354,11.54,0.94
233.46109, 60.36405,11.54,1.20
237.94289, 64.66018,11.54,0.69
239.99480, 60.77085,11.54,1.00
233.08236, 58.36557,11.54,1.08
236.11445, 61.89203,11.54,1.15
232.79460, 59.19105,11.54,0.69
244.53273, 61.14200,11.55,1.07
233.23149, 58.36679,11.55,0.67
243.82623, 62.68457,11.55,0.74
238.13909, 64.85187,11.55,0.47
234.82142, 61.82034,11.55,0.88
243.31703, 61.25489,11.55,1.03
240.35416, 58.27119,11.55,0.94
240.33900, 58.59643,11.55,0.86
238.34001, 59.58425,11.55,0.87
236.33414, 58.56141,11.55,1.42
231.76787, 61.21023,11.56,0.83
236.54111, 61.87466,11.56,0.68
238.04605, 63.55150,11.56,1.14
241.91701, 62.77792,11.56,0.86
240.91023, 63.36874,11.56,0.58
232.63904, 64.04600,11.56,0.68
242.99842, 63.43309,11.56,0.72
231.11577, 63.46809,11.56,0.79
232.49849, 62.12422,11.57,1.15
238.19306, 58.79247,11.57,0.81
241.73437, 59.15714,11.57,0.88
238.23714, 61.31474,11.57,1.12
244.13477, 61.26483,11.58,1.04
232.85794, 62.35762,11.58,0.93
237.31520, 63.62299,11.58,0.78
237.37649, 59.75642,11.58,1.27
233.03733, 63.01598,11.58,1.34
234.23896, 58.40379,11.58,1.29
239.11953, 64.50050,11.58,1.22
239.92979, 62.91392,11.59,1.19
240.80554, 63.85115,11.59,0.80
242.58558, 61.73012,11.59,0.61
230.88042, 63.17194,11.59,0.63
231.56163, 59.79909,11.59,1.02
235.98881, 58.01233,11.59,1.05
234.70159, 62.61353,11.59,0.91
243.15477, 63.30287,11.59,1.15
234.59325, 64.56029,11.59,0.77
231.37871, 60.40495,11.60,0.73
230.68135, 62.94907,11.60,1.45
231.33669, 59.97119,11.60,1.06
236.96279, 61.45191,11.60,0.62
235.66286, 59.12760,11.61,0.40
233.53164, 59.99848,11.61,0.47
236.54868, 61.24762,11.61,1.04
233.40721, 59.51975,11.61,0.70
240.15252, 61.10012,11.61,0.84
233.61227, 63.64179,11.61,0.73
235.56414, 63.07110,11.61,1.14
240.27018, 60.80967,11.61,0.52
242.96366, 61.66682,11.61,1.12
235.89992, 59.02838,11.61,0.72
243.05870, 61.46793,11.61,0.64
238.06127, 63.76371,11.62,0.75
235.07604, 60.33460,11.62,0.92
230.92168, 60.18456,11.62,0.78
234.46139, 63.79063,11.62,1.12
241.08579, 61.91715,11.62,0.82
238.22222, 58.40425,11.62,1.52
241.31203, 63.62550,11.62,0.82
239.42017, 58.54188,11.62,1.07
243.33459, 60.24696,11.62,1.20
243.73681, 60.61604,11.63,0.64
241.92913, 59.25549,11.63,1.01
238.11851, 58.70052,11.63,0.92
236.86446, 58.41096,11.63,0.83
232.25922, 60.38089,11.63,0.91
245.27320, 61.03798,11.63,1.16
234.01215, 61.89772,11.63,1.10
236.22335, 60.65915,11.63,1.43
244.30563, 61.05040,11.63,1.31
241.60233, 60.96786,11.64,1.16
235.12630, 60.84023,11.64,1.43
233.92494, 61.75891,11.64,0.88
242.08395, 61.74291,11.64,0.98
229.68073, 61.38712,11.64,0.79
243.35487, 62.87070,11.64,1.25
240.01027, 60.23271,11.64,1.24
239.02302, 62.96362,11.64,1.20
233.40126, 59.35256,11.64,1.07
236.49454, 62.13818,11.65,0.99
233.46083, 60.11593,11.65,1.19
235.31984, 58.52877,11.65,1.08
235.56268, 62.64158,11.65,0.78
243.45956, 63.43213,11.65,1.38
235.95064, 64.84148,11.65,1.29
239.25000, 61.18674,11.65,0.78
230.84180, 63.24161,11.65,1.23
232.48849, 62.97042,11.65,0.86
239.36784, 62.93512,11.66,0.88
237.81364, 60.94850,11.66,0.73
234.54925, 62.99759,11.66,0.78
231.55405, 61.79635,11.66,1.09
241.21665, 64.33180,11.66,1.21
233.43779, 63.79290,11.66,1.12
233.31237, 62.10825,11.66,0.92
232.76610, 60.63035,11.66,0.90
235.03972, 60.28661,11.66,1.19
235.50318, 58.66308,11.66,0.84
241.95186, 59.24836,11.66,0.86
232.35137, 60.63724,11.67,0.80
240.07338, 63.58687,11.67,0.74
242.89922, 61.48093,11.67,0.78
238.65523, 64.04844,11.67,1.21
234.19267, 59.65570,11.67,0.70
237.87176, 60.22731,11.67,1.19
237.89962, 63.07624,11.67,0.87
243.45972, 62.12163,11.67,0.86
239.19130, 59.30616,11.67,0.73
241.90183, 60.61239,11.67,1.15
231.02332, 60.82435,11.67,0.74
242.67666, 63.31193,11.67,1.12
240.26696, 63.82249,11.68,0.68
238.27899, 58.72592,11.68,1.04
239.94235, 64.38969,11.68,0.73
238.19318, 58.79227,11.68,0.76
239.47833, 60.17412,11.68,1.59
236.54569, 65.08590,11.69,0.86
234.01368, 61.20289,11.69,0.67
240.02622, 57.96608,11.69,0.79
235.07357, 64.18673,11.69,0.73
235.82966, 59.24348,11.69,1.11
236.29875, 61.71720,11.69,0.66
238.88278, 59.84030,11.69,1.10
241.86972, 60.80780,11.70,0.96
232.36472, 61.28571,11.70,0.79
240.25704, 62.19949,11.70,1.13
236.16521, 60.13935,11.70,1.17
239.36352, 61.24801,11.70,0.42
239.35629, 58.30369,11.70,0.72
239.07411, 60.43250,11.70,0.67
236.25465, 64.09892,11.70,0.71
231.21566, 60.35434,11.71,0.77
235.84512, 58.97899,11.71,0.71
230.18394, 62.15319,11.71,0.19
231.91101, 60.54417,11.71,0.78
234.37861, 62.96544,11.71,1.15
238.38671, 59.17271,11.71,1.18
238.20520, 62.21631,11.71,1.20
230.77864, 63.02015,11.71,0.79
232.80792, 63.57059,11.72,1.21
244.64434, 60.95497,11.72,1.13
235.09920, 58.81558,11.72,0.91
235.59737, 64.98140,11.72,0.95
229.51537, 61.78695,11.72,0.65
230.99086, 62.95499,11.72,1.01
237.87698, 59.37274,11.72,0.66
232.31185, 59.42290,11.73,0.88
240.22279, 59.63788,11.73,0.66
236.47930, 64.26692,11.73,0.71
243.28685, 60.02063,11.73,0.75
231.01399, 62.21745,11.73,0.83
242.56213, 61.54938,11.73,0.82
230.53849, 60.38614,11.73,0.77
242.01094, 64.39529,11.73,1.80
238.18035, 58.58571,11.73,0.63
242.54911, 62.86977,11.73,1.42
232.16927, 62.64441,11.73,0.72
234.37168, 59.27576,11.73,1.22
237.31816, 59.52577,11.73,1.29
240.66104, 60.81546,11.73,1.35
231.89863, 60.52957,11.74,0.89
242.10221, 63.74976,11.74,0.82
241.15554, 59.05473,11.74,0.68
243.71408, 62.84073,11.74,1.31
241.83915, 60.99312,11.74,0.76
242.28812, 62.68460,11.74,1.11
235.06951, 58.15555,11.74,1.26
242.04097, 63.41620,11.75,0.51
234.40868, 63.66952,11.75,1.14
237.89353, 62.60926,11.75,1.10
239.13903, 64.96896,11.75,1.67
238.60758, 59.02173,11.75,0.32
236.94167, 65.03477,11.75,0.99
241.84764, 60.94151,11.75,1.00
237.10470, 63.80007,11.76,0.83
234.51851, 62.51725,11.76,0.99
240.42786, 59.91495,11.76,0.61
237.08903, 58.33686,11.76,0.63
243.73851, 60.67209,11.76,0.00
236.02421, 63.99419,11.76,0.60
234.41114, 58.50773,11.76,0.66
239.11746, 58.48394,11.76,0.78
241.37737, 58.99727,11.76,0.81
238.87615, 62.69774,11.77,0.77
237.03045, 60.67229,11.77,0.77
231.33651, 61.28818,11.77,0.94
233.90588, 58.25563,11.77,0.69
238.59951, 64.76416,11.77,1.01
244.02223, 61.92499,11.77,0.78
236.05191, 58.46804,11.77,0.70
242.17519, 59.64219,11.77,0.81
238.61484, 61.18621,11.77,0.92
240.16230, 62.14459,11.77,0.58
236.47067, 62.49711,11.77,1.26
242.28171, 59.36751,11.77,0.72
237.18557, 63.03419,11.77,0.76
236.97574, 62.39158,11.77,0.73
231.52122, 60.37812,11.78,0.82
241.99554, 62.79915,11.78,1.15
241.72872, 63.87561,11.78,0.78
243.31501, 62.01617,11.78,0.61
235.19516, 62.22766,11.78,0.67
236.00434, 62.25287,11.78,0.67
242.71964, 59.74877,11.78,0.84
234.02320, 58.15250,11.78,1.14
240.87660, 61.48812,11.78,1.35
238.53886, 58.17739,11.79,0.63
238.45430, 60.67319,11.79,0.82
237.15566, 63.63436,11.79,0.62
242.08501, 61.81992,11.79,0.86
230.71884, 60.53221,11.79,1.02
237.55284, 63.86057,11.79,0.67
235.15876, 59.40505,11.79,1.29
234.71453, 61.23310,11.79,0.74
233.02683, 64.30198,11.79,0.61
242.49893, 63.18981,11.79,0.80
233.62797, 61.48283,11.79,0.89
231.33687, 62.12672,11.79,0.63
240.08349, 60.95343,11.79,0.76
242.80057, 62.84525,11.79,1.07
235.53397, 60.18683,11.80,0.66
236.93014, 57.98808,11.80,1.05
232.50620, 59.35330,11.80,0.70
234.81261, 63.67588,11.80,0.78
242.32026, 62.25961,11.80,0.83
234.61171, 60.59054,11.80,1.10
236.74058, 62.74978,11.80,1.20
241.02825, 59.50934,11.80,1.08
233.28293, 64.20666,11.80,0.75
234.74960, 57.99007,11.80,0.90
240.92924, 60.87023,11.80,0.79
237.31061, 58.99829,11.80,0.58
242.83008, 62.20716,11.80,0.68
241.98203, 62.34292,11.80,0.72
241.70345, 59.04707,11.80,1.22
241.42340, 60.59187,11.80,0.81
239.62317, 58.65511,11.81,1.30
242.62943, 59.83244,11.81,0.63
229.82094, 62.39251,11.81,1.01
241.44506, 62.69050,11.81,1.41
233.78445, 59.97591,11.81,1.43
241.75598, 59.97359,11.81,0.87
233.18314, 63.89079,11.81,0.79
235.80102, 64.84806,11.81,0.71
238.30775, 59.42879,11.81,1.61
239.63870, 58.82347,11.81,0.79
234.05751, 60.60138,11.82,0.84
242.58232, 63.13178,11.82,1.53
241.62197, 61.50742,11.82,1.12
233.15531, 63.44514,11.82,0.80
242.24356, 63.88729,11.82,0.78
232.89255, 64.72810,11.82,0.77
239.46394, 63.07427,11.82,0.55
232.49978, 59.47965,11.82,0.65
239.82836, 64.79371,11.82,0.90
240.30180, 59.15458,11.83,0.89
230.05511, 60.80208,11.83,1.19
235.45263, 58.87509,11.83,0.76
239.13960, 61.19614,11.83,1.15
229.76559, 61.90578,11.83,0.81
231.44402, 61.69505,11.83,0.73
240.61115, 60.82301,11.84,0.85
239.49196, 62.31787,11.84,0.98
236.16930, 61.72585,11.84,0.54
232.19336, 59.31993,11.84,0.82
242.04340, 64.55289,11.84,0.53
236.34813, 59.47531,11.84,0.71
241.06327, 61.72026,11.84,0.90
241.74823, 59.37618,11.84,1.40
233.22722, 59.98891,11.85,1.30
236.95681, 62.03877,11.85,0.91
235.62164, 61.85952,11.85,0.75
241.85604, 62.18570,11.85,0.78
239.88624, 64.88073,11.85,1.23
232.80923, 61.92966,11.85,0.99
235.82063, 62.45143,11.85,0.74
233.49250, 64.16144,11.85,0.93
234.55676, 62.95020,11.85,1.07
238.14155, 61.18927,11.85,1.34
233.00962, 61.33781,11.86,0.71
233.39572, 61.32189,11.86,0.77
233.75818, 63.62616,11.86,0.73
240.31737, 62.04633,11.86,0.73
235.53185, 63.19794,11.86,0.73
237.12740, 60.31136,11.86,1.17
230.31158, 62.51344,11.86,1.35
233.17960, 59.27725,11.86,0.65
238.76221, 60.35707,11.86,0.69
231.21366, 60.03439,11.86,0.83
238.76264, 58.50480,11.86,0.93
235.40145, 64.87686,11.86,0.78
234.87565, 62.09525,11.86,0.63
239.65878, 60.42888,11.87,1.15
241.35344, 59.97690,11.87,0.97
242.91047, 64.01373,11.87,0.82
241.69831, 59.96866,11.87,1.45
239.05691, 60.75937,11.87,0.89
237.66862, 64.66662,11.87,1.14
242.34226, 63.43947,11.87,0.63
236.61466, 63.43417,11.87,0.85
234.67430, 65.02069,11.87,0.91
245.13469, 61.25433,11.87,1.04
237.05149, 62.48320,11.88,0.60
242.23755, 63.52110,11.88,0.70
244.52071, 62.06334,11.88,0.75
236.97055, 60.88486,11.88,0.79
236.95302, 59.52540,11.88,0.64
237.08852, 59.31343,11.88,0.86
233.08502, 58.49390,11.88,1.06
234.14693, 63.53274,11.88,1.56
233.30406, 62.14438,11.88,1.09
232.92228, 60.23097,11.88,0.66
240.22200, 58.91189,11.88,1.15
236.61258, 61.53051,11.88,1.16
234.97775, 58.61103,11.89,0.71
236.79350, 60.86419,11.89,1.23
240.39249, 60.34678,11.89,0.94
243.78169, 63.30643,11.89,0.81
242.85509, 62.47308,11.89,0.76
244.04282, 61.09416,11.89,0.80
234.52409, 59.24399,11.89,0.78
233.91727, 61.26370,11.89,1.17
231.65084, 60.62626,11.89,1.09
234.03906, 63.52436,11.89,0.71
239.11885, 59.33423,11.89,1.07
234.50086, 60.98907,11.89,1.26
237.49581, 58.96654,11.89,1.05
232.19089, 63.54732,11.90,0.71
233.38276, 59.20847,11.90,0.84
237.71337, 63.88587,11.90,0.68
242.73125, 63.20313,11.90,0.77
242.65323, 59.90867,11.90,0.71
233.82086, 63.21850,11.90,1.30
242.12200, 61.30654,11.90,0.67
240.82466, 63.39137,11.90,0.47
235.17477, 60.01569,11.90,1.39
243.99149, 62.46588,11.90,0.00
239.67144, 63.27847,11.91,0.71
234.22198, 60.77226,11.91,0.62
234.49392, 58.28063,11.91,0.65
235.26067, 62.14195,11.91,0.84
241.09872, 64.86149,11.91,2.20
233.50644, 58.13412,11.91,0.81
235.00841, 60.77063,11.91,0.97
238.74673, 61.62118,11.91,0.88
238.25343, 60.42521,11.91,1.19
230.98963, 62.76208,11.91,0.39
240.14177, 60.44724,11.91,0.78
234.97353, 59.44430,11.91,0.59
235.87242, 63.33819,11.91,0.60
235.05495, 58.94277,11.91,0.84
235.71290, 59.60755,11.92,1.15
233.42909, 63.96501,11.92,0.88
240.88746, 59.12532,11.92,0.63
233.30110, 61.82509,11.92,0.72
235.97822, 60.95011,11.92,1.08
234.22050, 59.18477,11.92,0.75
238.56656, 60.42455,11.92,0.83
241.40037, 64.46029,11.92,0.82
233.24378, 64.80226,11.92,0.63
238.12971, 58.97978,11.92,0.97
235.14417, 58.13407,11.92,1.09
234.09771, 58.58052,11.92,0.73
234.16013, 63.44209,11.92,0.82
240.82385, 63.17632,11.92,0.58
236.23238, 62.95059,11.92,0.74
234.01786, 62.27302,11.92,1.18
234.71082, 60.98643,11.93,1.13
240.86789, 64.89337,11.93,0.87
238.84600, 59.56409,11.93,0.63
237.58041, 61.67276,11.93,1.02
241.61465, 62.68241,11.93,1.16
234.75072, 59.67340,11.93,0.78
242.08136, 60.69025,11.94,0.72
239.39199, 60.65545,11.94,1.56
235.10000, 58.19106,11.94,0.65
239.76354, 64.62793,11.94,0.86
242.42249, 60.81969,11.94,1.12
229.76512, 61.64600,11.94,0.80
232.82726, 64.11550,11.94,0.67
240.18987, 63.38320,11.94,0.66
238.61632, 58.32978,11.94,0.65
242.10631, 61.03993,11.94,1.06
243.55811, 61.51626,11.94,0.68
243.53864, 60.49126,11.94,1.15
234.49139, 61.76487,11.95,1.18
234.92224, 58.27597,11.95,0.67
231.66084, 59.80823,11.95,0.75
235.25472, 58.49778,11.95,0.77
233.38206, 64.36631,11.95,0.85
242.14053, 62.63100,11.95,1.50
235.47018, 63.52846,11.95,1.00
239.69189, 61.22959,11.95,1.06
233.78889, 63.25751,11.95,0.81
238.83375, 62.59560,11.95,0.77
240.19152, 61.22419,11.96,0.79
241.96655, 64.56143,11.96,1.08
236.59036, 64.12428,11.96,1.20
235.09903, 63.88075,11.96,0.85
244.53530, 61.52887,11.96,1.05
234.77183, 63.87707,11.96,1.01
235.68735, 58.59163,11.96,0.77
239.80277, 63.07625,11.96,0.57
238.12012, 62.14326,11.96,1.24
233.11934, 59.82438,11.96,1.30
233.53657, 62.15124,11.97,0.63
240.38153, 64.38161,11.97,1.08
238.35984, 58.01254,11.97,1.22
234.67281, 61.43679,11.97,0.77
239.12979, 60.52974,11.97,0.80
242.79780, 62.90885,11.97,0.62
241.69930, 59.96799,11.97,1.50
238.30063, 62.10169,11.97,0.77
236.02418, 63.99434,11.97,0.59
244.50061, 62.34207,11.98,1.10
241.21933, 62.93082,11.98,1.21
233.60574, 61.70819,11.98,0.67
241.40711, 61.82433,11.98,0.98
240.28916, 63.52993,11.98,0.81
231.86882, 62.28835,11.98,1.17
241.85162, 61.79351,11.99,1.33
238.84576, 60.44188,11.99,0.50
235.79806, 59.23057,11.99,0.75
238.02356, 58.55472,11.99,0.75
237.88636, 60.54902,11.99,1.13
239.98189, 59.61203,11.99,0.92
242.41296, 62.58936,11.99,1.63
243.61632, 62.26768,11.99,1.01
244.35167, 62.49476,12.00,0.68
240.46916, 58.86226,12.00,0.73
237.55728, 60.45869,12.00,1.20
240.10093, 60.97546,12.00,0.80
242.97663, 60.02965,12.00,0.69
236.33601, 58.46198,12.00,0.70
234.91815, 62.11368,12.00,0.74
235.45638, 62.75107,12.00,0.69
234.49370, 59.98977,12.00,1.12
232.16990, 63.69277,12.01,0.86
237.54916, 62.78160,12.01,0.69
239.85682, 59.12635,12.01,0.82
234.17197, 60.07799,12.01,0.75
235.00347, 59.32458,12.01,0.69
243.50790, 63.62011,12.01,1.25
244.49418, 61.04232,12.01,0.79
234.92266, 64.90844,12.01,0.93
229.20225, 61.40277,12.01,0.80
240.12070, 63.29023,12.01,0.57
240.32763, 61.35978,12.01,0.75
238.56071, 62.82305,12.01,0.82
232.81621, 60.06391,12.01,0.74
241.50819, 59.48479,12.01,1.22
240.66409, 61.84591,12.01,0.84
244.66329, 60.67163,12.01,1.01
232.47648, 61.91844,12.01,1.02
245.29669, 61.06590,12.01,1.30
244.48677, 61.30052,12.01,1.18
238.78562, 60.52351,12.02,1.10
245.52800, 61.03408,12.02,1.31
240.12363, 60.62882,12.02,0.93
240.73677, 58.97903,12.02,1.11
230.13752, 61.34439,12.02,0.77
233.57527, 65.06982,12.02,0.72
231.06671, 62.62436,12.02,0.65
234.20911, 58.00482,12.02,1.97
238.22368, 64.49201,12.02,0.80
236.25995, 59.16597,12.02,0.73
239.59419, 59.51958,12.02,0.90
238.19766, 58.27105,12.02,0.88
234.41296, 60.49841,12.03,0.72
238.70378, 63.67979,12.03,0.77
233.73673, 58.91748,12.03,1.01
236.58077, 60.75732,12.03,0.90
230.19853, 62.49990,12.03,0.91
229.40078, 61.65723,12.03,1.38
242.53441, 61.69215,12.03,0.83
238.56736, 63.32587,12.03,1.10
241.05254, 61.70160,12.03,1.25
229.19916, 61.91480,12.03,0.98
236.60095, 61.64137,12.04,0.56
235.11802, 64.86217,12.04,1.05
229.25287, 61.34970,12.04,1.30
243.78477, 61.43276,12.04,1.48
234.03074, 63.37912,12.04,0.89
239.70520, 63.16656,12.04,0.80
233.51900, 62.23801,12.04,0.79
236.74914, 59.38979,12.04,0.99
242.83492, 60.51033,12.05,0.71
242.65140, 60.29690,12.05,1.33
236.59731, 62.69581,12.05,1.11
238.87433, 59.81951,12.05,0.56
236.01526, 64.63226,12.05,1.28
236.65975, 63.50380,12.05,1.12
241.82250, 63.00664,12.05,1.13
243.11294, 63.73651,12.05,0.82
231.84723, 62.54384,12.05,0.79
238.99626, 63.53646,12.05,0.86
239.89027, 60.65060,12.06,0.71
243.43454, 60.03226,12.06,1.24
239.77442, 61.48017,12.06,0.57
236.57602, 63.51439,12.06,1.12
238.11166, 62.19815,12.06,1.05
243.45935, 61.00514,12.06,1.15
241.73731, 59.24342,12.06,0.98
242.32962, 59.46472,12.06,0.84
237.30217, 62.62315,12.06,0.87
242.39560, 63.04407,12.06,0.84
237.20837, 64.15128,12.07,0.51
238.93782, 64.76141,12.07,1.05
239.71896, 63.99967,12.07,0.90
244.67036, 61.01483,12.07,1.19
240.21995, 64.04216,12.07,0.60
238.20190, 63.25629,12.07,0.65
243.90095, 62.23305,12.07,1.05
231.32200, 60.41680,12.08,1.11
237.33662, 58.53615,12.08,1.28
235.72435, 62.53586,12.08,0.68
243.77475, 61.81591,12.08,1.14
238.75612, 62.85421,12.08,0.91
233.89350, 58.95900,12.08,1.11
241.22263, 60.77364,12.08,1.19
233.56621, 65.07974,12.08,1.50
237.08660, 64.20834,12.08,0.72
234.09360, 64.34607,12.08,0.93
240.52753, 60.66856,12.08,1.22
240.11884, 60.07290,12.08,1.21
237.74343, 60.18109,12.09,0.88
242.27188, 60.98045,12.09,0.70
240.09064, 64.48960,12.09,0.79
243.04690, 60.12152,12.09,0.65
241.59953, 61.10586,12.09,1.19
234.78266, 62.05108,12.09,0.91
237.77781, 58.57931,12.09,0.74
234.45878, 60.25606,12.09,1.41
236.73481, 58.05241,12.09,0.76
236.01968, 62.10656,12.09,1.21
232.19329, 59.31980,12.09,0.83
231.80187, 61.65588,12.09,1.07
231.78604, 60.22474,12.10,0.82
238.34629, 60.04467,12.10,0.81
232.95962, 62.43070,12.10,0.63
237.21303, 64.06632,12.10,1.11
231.66414, 63.22158,12.10,1.30
234.72749, 58.49786,12.10,0.81
238.88326, 64.57812,12.10,0.74
237.43333, 58.35900,12.10,0.77
241.42334, 60.59193,12.10,0.80
238.48243, 64.19108,12.10,1.09
239.22631, 60.82165,12.10,0.89
243.93282, 61.22735,12.11,1.11
236.28576, 59.94339,12.11,0.77
241.05459, 59.37309,12.11,0.99
243.25363, 60.94410,12.11,0.38
233.94957, 62.09770,12.11,1.13
232.58859, 64.26436,12.11,0.62
240.97191, 61.46015,12.11,0.82
242.10189, 64.01021,12.11,0.80
240.45703, 64.78611,12.11,0.97
230.71829, 60.31907,12.11,0.66
236.91089, 61.66209,12.11,1.08
240.19895, 61.85208,12.12,0.86
240.88719, 59.84957,12.12,1.11
244.85168, 61.95913,12.12,0.95
238.67351, 64.77573,12.12,0.59
231.76600, 60.12706,12.12,0.82
234.61981, 64.98515,12.12,1.01
234.94210, 63.06734,12.12,0.77
237.02551, 61.71638,12.12,0.82
239.53881, 58.50447,12.12,0.80
241.59150, 61.30573,12.13,0.50
235.68136, 63.37315,12.13,1.38
233.76488, 60.38822,12.13,0.90
237.14664, 60.18649,12.13,1.02
234.39978, 58.62342,12.13,0.70
241.92996, 60.85315,12.13,0.86
244.65173, 62.13182,12.13,0.77
236.64525, 63.31796,12.14,1.00
232.61701, 61.06565,12.14,1.10
231.50549, 61.10443,12.14,1.24
237.08191, 64.64365,12.14,1.04
240.42838, 64.19286,12.14,1.77
235.83722, 63.10469,12.14,1.18
239.84936, 59.69749,12.14,1.20
236.42252, 60.68605,12.14,1.09
232.63129, 62.20869,12.14,0.85
233.72725, 60.22573,12.14,0.86
240.69629, 59.49200,12.14,0.67
235.14716, 65.10132,12.14,0.74
239.83053, 58.65435,12.15,0.94
235.06773, 64.53878,12.15,0.84
239.94776, 60.91129,12.15,0.73
233.71157, 62.33945,12.15,0.77
234.22416, 62.75830,12.15,1.49
243.59246, 60.02579,12.15,0.92
242.74277, 61.77422,12.15,0.72
233.85854, 60.08471,12.16,2.78
229.25693, 61.69526,12.16,0.85
240.06585, 63.72171,12.16,0.76
230.50387, 61.52981,12.16,0.67
243.46723, 60.84165,12.16,1.09
236.45495, 60.17666,12.16,0.65
237.90575, 58.99604,12.16,0.74
235.19816, 60.24699,12.16,0.77
243.39494, 60.43475,12.16,1.16
239.19094, 63.59294,12.16,0.76
243.98207, 62.14858,12.16,1.15
237.17351, 63.43848,12.16,0.61
236.36617, 61.74974,12.16,1.12
243.50760, 63.62019,12.16,1.26
242.13363, 59.29905,12.16,1.21
239.93404, 64.39485,12.16,0.74
239.20088, 58.97126,12.16,0.76
233.65112, 63.53694,12.16,0.82
241.80140, 61.02922,12.17,1.20
237.15818, 62.51360,12.17,0.79
235.72745, 60.13110,12.17,0.85
237.00006, 59.34290,12.17,0.60
237.97042, 64.99727,12.17,0.60
235.16712, 64.71508,12.17,0.47
241.29355, 61.31139,12.17,1.07
234.14512, 62.38489,12.17,0.74
236.41526, 59.05342,12.17,0.86
237.64500, 61.87413,12.17,1.48
238.68869, 59.92814,12.17,0.85
241.62082, 62.45505,12.17,0.81
232.70999, 60.90419,12.17,1.06
238.81919, 59.04666,12.17,0.69
240.97295, 62.40397,12.17,0.73
244.23081, 62.45324,12.17,0.91
243.72131, 63.13674,12.17,0.69
232.81300, 63.29836,12.18,0.63
243.93838, 61.40101,12.18,1.19
241.06306, 58.79582,12.18,1.44
236.37936, 64.84580,12.18,0.77
243.74739, 62.48936,12.18,0.72
239.65154, 64.08980,12.18,1.13
236.31283, 61.14497,12.18,1.28
237.19569, 62.46120,12.18,0.92
234.04290, 60.31215,12.18,0.91
241.88492, 62.07728,12.19,1.07
238.34455, 63.77816,12.19,0.67
240.65477, 62.64672,12.19,0.78
237.77411, 61.10597,12.19,0.80
237.41108, 62.27946,12.19,0.79
239.38799, 59.85638,12.19,0.94
237.18852, 63.32609,12.19,0.59
238.11051, 59.00068,12.19,1.14
232.08849, 60.73162,12.19,1.72
234.92226, 64.90869,12.20,0.97
238.42720, 61.96178,12.20,0.84
233.20333, 58.92138,12.20,0.82
237.78271, 63.11548,12.20,0.63
231.88240, 62.80346,12.20,0.77
230.53555, 62.93278,12.20,1.15
242.53345, 64.14511,12.20,0.65
236.29687, 63.84048,12.20,0.63
235.77644, 64.52975,12.20,0.74
239.02319, 63.40248,12.20,0.78
239.08825, 58.63785,12.20,0.33
243.28287, 63.83076,12.21,1.08
238.83243, 58.10514,12.21,1.62
237.90869, 61.67340,12.21,1.15
241.51849, 59.59615,12.21,0.67
242.23537, 62.79641,12.21,1.20
240.15314, 59.80803,12.21,0.84
238.38599, 59.72364,12.21,0.75
239.09278, 58.86163,12.21,0.95
236.44592, 60.17333,12.21,1.04
237.45721, 57.99618,12.21,0.89
238.53588, 58.00616,12.21,1.15
245.32198, 61.12964,12.22,1.24
237.62718, 62.16111,12.22,1.00
234.84078, 62.89864,12.22,0.80
231.81172, 59.85882,12.22,1.88
233.49694, 60.69025,12.22,0.82
234.90489, 63.26901,12.22,0.97
233.55342, 64.19580,12.22,0.73
238.95175, 60.70660,12.22,1.89
233.82717, 59.87008,12.22,0.99
237.54990, 60.03709,12.22,0.72
235.85554, 64.65496,12.22,1.02
238.82919, 58.25634,12.22,0.65
238.80391, 58.05827,12.22,0.87
235.85416, 65.08720,12.22,1.20
235.87174, 59.65354,12.22,1.10
243.08350, 61.00910,12.22,0.73
237.96063, 62.04150,12.23,0.79
241.94759, 61.42899,12.23,0.77
237.46786, 61.78494,12.23,0.78
242.81997, 64.15463,12.23,0.72
235.06406, 61.82605,12.23,0.68
240.70922, 61.46428,12.23,0.62
232.54921, 62.61043,12.23,0.59
230.55772, 62.21055,12.23,0.70
234.72129, 61.03236,12.23,0.93
234.79523, 62.32006,12.23,0.76
235.60200, 58.27562,12.23,2.25
230.52339, 60.52425,12.23,0.64
244.46533, 60.68591,12.24,1.02
238.04334, 64.87654,12.24,1.20
234.29194, 64.26378,12.24,0.80
243.10008, 59.77428,12.24,1.14
234.19315, 62.48693,12.24,0.75
235.20804, 59.36424,12.24,0.96
239.71705, 62.74029,12.24,0.82
241.14679, 61.16218,12.24,1.18
232.47166, 59.76198,12.24,0.83
235.78650, 61.28010,12.24,0.81
231.88595, 63.67677,12.24,0.88
238.32533, 61.31081,12.24,0.84
240.23296, 61.46504,12.24,0.76
230.19852, 61.15103,12.24,1.11
241.19676, 62.48506,12.24,1.18
242.05262, 64.32347,12.24,0.78
234.16923, 62.19319,12.25,0.67
236.50244, 63.80405,12.25,0.79
233.70303, 60.06060,12.25,0.93
241.38868, 58.76628,12.25,0.78
240.59503, 63.87694,12.25,0.80
237.22591, 62.29695,12.25,0.80
241.02550, 61.34758,12.25,1.13
238.37792, 63.59957,12.25,1.38
235.36938, 64.17830,12.25,0.76
234.37246, 63.09498,12.25,0.76
244.03549, 60.76119,12.25,1.00
238.04633, 57.91315,12.26,1.23
236.43709, 60.32013,12.26,1.08
235.71524, 60.40022,12.26,1.27
234.03365, 60.79676,12.26,1.23
242.23050, 59.74839,12.26,1.64
232.45477, 63.83625,12.26,1.37
241.95126, 64.12428,12.26,1.71
244.10698, 61.55155,12.26,1.01
233.91179, 60.15181,12.26,0.81
240.81300, 64.15507,12.26,0.84
240.63960, 64.09901,12.27,1.38
234.47716, 59.87325,12.27,0.80
240.09690, 58.61164,12.27,1.33
245.24553, 61.00742,12.27,1.06
243.25196, 61.03958,12.27,1.00
232.78616, 63.48764,12.27,0.71
235.49517, 64.84111,12.27,0.75
242.93394, 61.05021,12.27,1.34
237.52955, 59.23934,12.27,0.78
238.30517, 58.84248,12.27,1.13
233.96339, 59.40871,12.27,1.18
236.45721, 58.38791,12.27,0.81
238.71740, 61.33990,12.27,0.86
239.18297, 58.38761,12.27,0.93
240.39401, 59.60612,12.28,1.43
235.89211, 62.62377,12.28,0.76
238.16013, 58.64458,12.28,0.68
238.78424, 63.22496,12.28,0.69
239.96566, 64.91200,12.28,0.89
236.75507, 63.09425,12.28,0.79
242.41353, 62.32721,12.28,0.84
242.79716, 60.66203,12.28,0.73
240.06358, 62.14140,12.28,0.66
237.13884, 61.58585,12.28,1.64
232.77369, 62.80182,12.28,0.77
241.75468, 59.38344,12.28,1.10
236.02677, 62.17496,12.28,0.68
235.83972, 64.58442,12.28,0.85
235.17331, 64.72230,12.29,0.70
239.06974, 62.20549,12.29,0.74
238.19261, 61.48038,12.29,0.73
242.22846, 60.12759,12.29,0.71
238.89008, 59.20097,12.29,1.15
240.29586, 58.51728,12.29,1.03
234.03175, 59.47491,12.29,0.74
235.57871, 59.00631,12.29,0.74
238.01584, 57.95068,12.29,0.88
242.42145, 60.19267,12.29,1.00
235.08554, 64.96656,12.29,1.27
237.74619, 59.08385,12.29,0.77
243.16927, 60.06222,12.29,0.89
235.05571, 60.30151,12.29,1.11
242.69727, 61.20568,12.29,1.32
235.52903, 60.68553,12.29,0.74
231.38892, 61.37768,12.30,0.84
242.16532, 63.03368,12.30,1.09
243.22612, 61.47475,12.30,1.45
242.89998, 63.53840,12.30,0.92
231.38049, 61.79324,12.30,0.78
235.29756, 62.25768,12.30,0.80
242.07918, 61.83775,12.30,1.09
233.02407, 63.72799,12.30,0.92
240.51608, 58.60052,12.30,0.73
231.19758, 63.31093,12.30,0.85
239.24191, 60.86608,12.31,0.74
243.16725, 63.25262,12.31,0.61
232.97296, 64.39106,12.31,0.72
237.61811, 60.78512,12.31,0.62
233.80055, 60.24964,12.31,1.18
237.47804, 62.72396,12.31,1.26
239.60989, 64.14823,12.31,0.63
232.21740, 63.56514,12.31,0.82
239.30836, 59.19643,12.31,0.76
239.79312, 58.02187,12.31,0.77
238.23607, 60.51620,12.32,0.72
242.13558, 63.31068,12.32,1.20
232.01833, 62.26399,12.32,1.08
236.45935, 64.61247,12.32,0.62
235.04785, 63.81639,12.32,0.84
233.31287, 58.96293,12.32,0.67
239.91109, 62.89513,12.32,0.58
233.87128, 60.57810,12.32,0.99
242.57148, 61.26941,12.32,0.99
232.73713, 61.94022,12.32,1.84
238.00401, 62.02764,12.32,0.87
242.16833, 59.67915,12.33,0.82
231.37259, 60.09064,12.33,1.00
234.24710, 63.95062,12.33,0.74
241.20782, 63.58009,12.33,1.38
233.03691, 63.01627,12.33,1.54
234.09448, 64.92041,12.33,0.89
233.70945, 59.45164,12.33,0.76
236.83004, 59.41132,12.33,0.76
234.61000, 60.60791,12.33,0.75
237.36066, 62.50908,12.33,0.95
232.64960, 59.75973,12.33,0.90
232.60284, 60.18410,12.33,1.80
232.31503, 61.48966,12.33,0.83
232.51136, 60.53025,12.33,1.14
236.50924, 64.98834,12.33,0.91
232.62677, 63.68392,12.33,0.76
243.70628, 61.96328,12.34,0.65
234.87567, 61.10506,12.34,0.70
233.04338, 61.17106,12.34,0.85
231.04528, 61.50395,12.34,0.94
233.18087, 60.03048,12.34,0.75
238.42019, 61.34297,12.34,1.14
233.39925, 59.34604,12.34,1.51
235.56883, 60.11043,12.34,0.74
235.80223, 64.40304,12.34,1.06
243.68784, 62.68338,12.34,0.84
233.49021, 63.21006,12.34,0.72
237.23789, 60.45033,12.34,0.92
233.51151, 61.87092,12.34,0.73
236.70799, 59.02778,12.35,0.93
239.92057, 63.86152,12.35,0.56
236.23777, 59.86575,12.35,0.76
238.00505, 61.25390,12.35,1.37
241.74278, 60.77765,12.35,0.76
242.83380, 64.28790,12.35,1.12
239.11462, 60.46949,12.35,1.23
233.59407, 64.28961,12.35,0.86
240.16000, 59.90538,12.35,0.72
237.50062, 60.11721,12.35,0.87
242.68334, 64.41372,12.35,1.14
242.60583, 62.42586,12.35,0.72
234.28524, 63.49003,12.35,0.80
243.40363, 59.97506,12.35,1.13
233.16616, 64.47979,12.35,0.89
237.89434, 62.00840,12.35,0.72
238.94079, 61.69421,12.35,0.82
244.39542, 61.22200,12.35,0.96
237.87487, 64.56109,12.36,1.12
238.71873, 62.48499,12.36,0.77
241.04294, 59.95119,12.36,0.74
232.44620, 60.31600,12.36,0.78
233.55407, 59.82509,12.36,1.19
237.00419, 60.44362,12.36,0.72
239.78052, 62.73287,12.36,1.41
234.65316, 59.58822,12.36,1.18
236.06556, 59.63200,12.36,0.77
241.38607, 61.42399,12.36,0.71
231.65225, 62.21483,12.36,1.02
241.85415, 60.28488,12.36,0.79
241.60689, 61.18867,12.36,0.83
243.59370, 61.77686,12.37,1.47
232.62599, 64.50935,12.37,0.80
236.56951, 60.40171,12.37,0.92
241.99910, 62.11094,12.37,0.87
233.06163, 59.52907,12.37,1.15
242.37460, 61.17989,12.37,0.71
240.28239, 63.90309,12.37,1.15
238.83254, 63.72684,12.37,0.87
236.68547, 59.25182,12.37,0.77
239.35431, 62.30014,12.37,1.45
242.12696, 62.05553,12.37,0.73
238.73633, 63.93067,12.37,0.71
239.58720, 59.63256,12.37,1.16
240.85651, 59.30111,12.37,0.91
239.72616, 63.37496,12.37,0.00
234.77559, 63.68249,12.37,1.16
241.92610, 62.82700,12.37,0.72
236.65499, 64.51061,12.38,1.12
243.14113, 60.99124,12.38,1.13
233.40642, 60.92920,12.38,0.95
235.78001, 64.53051,12.38,0.76
240.15066, 61.88612,12.38,0.42
240.65030, 58.59771,12.38,1.17
234.59764, 62.23118,12.38,0.63
233.31771, 64.96055,12.38,0.97
243.50636, 62.64527,12.38,0.98
233.07088, 63.49061,12.38,0.99
236.97536, 58.68654,12.38,0.94
238.04610, 58.01723,12.38,0.85
237.36832, 64.42541,12.38,1.40
241.76823, 63.38907,12.38,0.89
238.82439, 63.54042,12.39,0.81
238.29083, 60.32305,12.39,1.10
240.85129, 64.61537,12.39,0.89
238.39514, 61.61222,12.39,0.85
239.07855, 64.97383,12.39,0.95
237.92949, 60.60939,12.39,0.74
239.47663, 58.42577,12.39,0.77
243.62849, 63.41855,12.39,0.94
230.77682, 62.21391,12.39,0.70
242.95338, 63.12793,12.39,0.87
230.04508, 62.39345,12.39,1.17
237.69067, 63.54764,12.39,0.73
231.29782, 62.20756,12.39,0.76
238.29207, 59.35060,12.39,0.84
242.60719, 60.64524,12.39,1.26
240.88616, 59.40641,12.39,0.85
235.00973, 61.06123,12.39,0.64
230.97788, 62.12677,12.39,1.05
244.90574, 61.72451,12.39,1.35
238.66055, 64.97050,12.39,0.96
242.88610, 64.33225,12.39,0.71
239.71143, 60.32504,12.40,0.99
239.67053, 59.74861,12.40,1.35
241.48302, 60.44266,12.40,0.79
231.35072, 60.74430,12.40,2.47
238.38693, 60.10047,12.40,0.80
235.28887, 58.33234,12.40,0.70
229.36171, 61.53915,12.40,0.83
236.17677, 63.73224,12.40,0.78
237.49858, 58.73049,12.40,0.62
240.75738, 59.98537,12.40,0.70
240.19591, 60.92595,12.40,0.94
240.47084, 62.47457,12.40,0.92
238.43248, 60.34588,12.40,0.70
234.36810, 64.65953,12.40,0.73
238.01744, 61.36853,12.40,0.79
234.37192, 59.17505,12.40,0.70
231.70621, 63.86458,12.40,0.86
235.91669, 58.60339,12.41,0.99
243.84907, 61.20768,12.41,0.84
236.48408, 63.59355,12.41,0.91
237.47660, 60.25811,12.41,0.86
232.75331, 63.14987,12.41,0.77
243.03210, 63.03813,12.41,1.06
240.08188, 63.33182,12.41,0.86
241.54299, 60.66773,12.41,0.81
243.07504, 63.66305,12.41,0.92
232.00663, 63.43730,12.41,0.83
236.37579, 58.41327,12.41,0.75
237.17529, 58.40448,12.41,0.62
234.23919, 58.66962,12.41,1.54
234.03892, 58.03166,12.42,0.70
243.87770, 63.07720,12.42,1.14
239.10760, 63.19895,12.42,1.04
238.33935, 62.08988,12.42,0.54
240.83549, 62.33101,12.42,0.96
235.81130, 60.77476,12.42,0.81
235.13746, 58.19672,12.42,0.76
234.25144, 64.21122,12.42,0.99
233.50880, 58.76371,12.42,0.43
240.15712, 63.07054,12.42,1.02
234.42072, 61.68055,12.42,0.72
243.00469, 63.43081,12.42,0.77
240.86923, 61.42220,12.42,0.88
239.10136, 61.75304,12.42,0.85
237.31466, 63.75227,12.42,0.61
239.64875, 63.33083,12.42,0.55
236.37040, 58.42198,12.42,0.68
232.18059, 61.50624,12.42,0.60
238.14952, 58.50375,12.42,0.98
240.99027, 59.38800,12.42,0.93
234.35602, 61.95419,12.43,0.82
240.22037, 64.38338,12.43,1.23
231.34071, 60.43837,12.43,1.31
240.51604, 60.85417,12.43,1.21
234.80961, 58.82042,12.43,0.79
240.19426, 58.84119,12.43,1.43
232.71871, 62.57880,12.43,1.27
236.15162, 62.36876,12.43,0.74
231.41872, 62.49976,12.43,0.83
234.55096, 60.65741,12.44,0.85
236.74318, 62.50166,12.44,0.84
241.20381, 64.76435,12.44,0.79
236.48794, 61.76263,12.44,1.25
240.38815, 59.04293,12.44,0.84
236.38000, 59.53099,12.44,0.82
240.27515, 60.52238,12.44,0.94
229.79499, 61.50029,12.44,1.00
240.70527, 59.32710,12.44,0.78
239.69274, 58.42058,12.44,1.18
230.19165, 62.04948,12.44,1.14
238.19872, 61.61059,12.44,1.13
233.66997, 63.40167,12.44,0.83
241.44335, 60.69881,12.44,0.82
244.17839, 62.61162,12.45,0.72
241.25934, 61.35160,12.45,0.74
238.32503, 60.94390,12.45,0.95
243.78100, 61.81695,12.45,0.65
239.89396, 64.91858,12.45,1.33
237.66108, 59.09928,12.45,0.58
244.75025, 62.09201,12.45,1.02
243.64191, 62.98106,12.45,0.91
238.64309, 60.35249,12.45,1.07
232.61763, 59.43660,12.45,1.17
238.81320, 60.08659,12.45,1.06
231.15205, 61.67552,12.45,1.13
241.86345, 59.09509,12.45,0.80
230.71560, 60.81819,12.45,0.76
238.00902, 61.08105,12.45,1.27
242.68049, 61.57926,12.45,0.66
236.51713, 61.13578,12.45,0.98
241.93962, 64.51477,12.45,0.94
236.00912, 62.41779,12.45,1.09
240.28067, 59.22208,12.45,0.87
231.79082, 61.78679,12.45,1.05
233.35747, 58.67313,12.45,1.08
237.31140, 59.93886,12.45,1.19
234.62483, 62.32613,12.46,0.82
230.62068, 62.82939,12.46,0.95
239.97733, 62.21835,12.46,0.66
239.00792, 57.87923,12.46,0.79
243.49389, 60.20873,12.46,1.14
242.51505, 61.90296,12.46,0.88
232.96442, 60.03919,12.46,1.07
237.94249, 62.58704,12.46,0.99
240.08024, 61.28073,12.46,0.71
241.69866, 63.81809,12.46,1.00
239.34649, 59.57995,12.46,0.77
238.06278, 58.51453,12.46,0.95
237.97012, 58.89331,12.47,1.05
235.04413, 61.01786,12.47,0.88
239.75793, 61.88932,12.47,1.18
244.75730, 60.88662,12.47,0.79
239.23841, 63.46111,12.47,0.83
240.12165, 64.83837,12.47,0.81
232.40367, 63.36710,12.47,0.72
238.69827, 61.24722,12.47,0.89
238.39722, 61.35277,12.47,0.88
237.63241, 61.55145,12.47,0.81
238.35013, 63.56023,12.47,0.68
240.25669, 64.35612,12.47,1.19
235.57406, 64.90483,12.48,0.77
235.64625, 62.89479,12.48,0.86
240.48777, 60.89738,12.48,0.62
231.47463, 62.49044,12.48,0.66
238.26929, 63.96232,12.48,0.79
235.10425, 61.18475,12.48,0.67
238.71045, 59.55287,12.48,0.74
231.30796, 59.82710,12.48,0.76
241.38734, 59.47223,12.48,0.62
236.22410, 60.47109,12.49,1.16
237.08802, 62.78228,12.49,0.96
242.33877, 59.33050,12.49,1.47
231.84174, 59.59795,12.49,0.85
239.60073, 59.16196,12.49,1.15
230.20557, 62.26689,12.49,0.73
236.98642, 59.35102,12.49,0.74
232.79826, 64.04747,12.49,0.71
234.63048, 64.15269,12.49,0.73
239.15496, 59.10535,12.49,0.71
237.33638, 61.66664,12.49,0.40
239.01808, 59.45401,12.49,0.86
233.88857, 62.97820,12.49,1.08
234.79447, 62.24852,12.49,0.72
239.05734, 63.21799,12.49,0.73
232.78960, 58.76569,12.49,0.67
237.15540, 58.42481,12.49,1.20
240.76113, 62.47192,12.50,0.90
238.78823, 63.91277,12.50,0.78
241.73412, 62.73688,12.50,1.17
240.99258, 62.20352,12.50,0.92
233.38399, 61.66054,12.50,0.75
243.45193, 61.87027,12.50,0.84
237.60790, 63.61610,12.50,1.10
238.11366, 58.53105,12.50,0.86
236.32568, 58.85240,12.50,0.83
241.15212, 60.08163,12.50,1.30
244.28081, 62.64032,12.50,1.03
237.95673, 63.92457,12.50,1.12
238.22425, 62.08671,12.50,1.07
235.17105, 58.80437,12.50,1.81
243.10583, 59.92342,12.50,0.82
239.05949, 61.99036,12.50,1.14
237.78812, 62.00953,12.50,1.42
240.79673, 62.91820,12.50,0.72
234.79022, 58.17975,12.50,0.82
232.42261, 59.13610,12.50,1.05
234.30292, 60.39478,12.50,0.83
239.91386, 64.88928,12.50,0.92
234.90524, 59.13835,12.50,0.71
237.55225, 58.09563,12.51,0.68
241.61406, 60.44669,12.51,0.79
239.53478, 60.73716,12.51,0.73
237.19157, 64.55886,12.51,1.33
239.70471, 60.56314,12.51,0.80
234.09629, 61.47244,12.51,1.37
230.26428, 62.47971,12.51,1.58
237.43864, 58.52752,12.51,0.70
243.14029, 60.30269,12.51,0.71
243.42990, 60.50656,12.51,1.12
238.02288, 57.89605,12.51,1.08
242.00720, 62.11702,12.51,0.71
232.07397, 59.33469,12.51,0.74
244.25453, 62.11916,12.51,1.03
234.83518, 58.70199,12.51,0.84
231.94284, 59.68139,12.51,0.70
231.71651, 63.93473,12.51,1.24
233.13677, 60.94758,12.52,0.47
233.36133, 63.82915,12.52,1.02
239.74719, 60.16150,12.52,2.32
241.50926, 62.12957,12.52,0.73
242.17371, 62.26863,12.52,0.85
241.70131, 64.29273,12.52,0.86
236.69969, 60.27458,12.52,0.80
241.46753, 59.24627,12.52,0.78
235.36878, 61.96922,12.52,0.68
236.27049, 59.31787,12.52,0.62
238.86477, 59.68285,12.52,0.77
238.43111, 63.15402,12.52,0.72
241.19350, 61.03467,12.52,0.91
234.61791, 61.68242,12.52,0.76
231.82183, 61.57179,12.52,0.80
235.10563, 59.17670,12.52,0.62
233.59177, 63.43087,12.53,0.82
233.78030, 61.43412,12.53,0.95
240.22025, 62.66312,12.53,0.00
232.07040, 64.21210,12.53,0.86
235.91814, 60.52014,12.53,0.61
233.48698, 62.16439,12.53,0.74
240.55074, 58.36830,12.53,0.97
234.80453, 62.24506,12.53,0.79
242.50871, 61.06523,12.53,1.13
235.66113, 60.62200,12.53,0.94
233.67937, 60.16496,12.54,0.83
237.92108, 64.03151,12.54,0.92
243.28390, 62.11498,12.54,1.17
232.59230, 60.63657,12.54,0.95
231.45624, 62.86791,12.54,0.84
242.67352, 59.92002,12.54,0.99
244.31940, 61.91667,12.54,1.20
238.66696, 64.14602,12.54,1.02
239.29976, 63.44385,12.54,0.92
240.05719, 64.48208,12.54,1.04
241.55378, 62.76838,12.55,1.13
234.90362, 62.94883,12.55,0.67
237.10334, 61.65091,12.55,1.10
237.00452, 59.43105,12.55,1.01
233.39819, 64.65085,12.55,0.93
235.63823, 59.83512,12.55,1.21
242.42445, 61.20990,12.55,0.82
239.77179, 62.60105,12.55,0.83
237.37434, 61.75089,12.55,0.75
241.40707, 59.74992,12.55,0.72
242.50257, 64.10669,12.56,0.69
242.32867, 63.97517,12.56,0.80
237.72782, 61.81523,12.56,0.82
239.70185, 64.53232,12.56,1.01
239.18891, 60.64506,12.56,0.62
238.44664, 62.48149,12.56,0.82
234.68738, 63.64334,12.56,0.68
238.08376, 60.81505,12.56,1.17
239.86099, 60.31549,12.56,1.13
231.78630, 61.41577,12.56,1.06
236.55909, 62.44363,12.56,0.84
233.14115, 59.65818,12.56,0.80
234.99183, 60.55245,12.57,0.81
234.05747, 59.27447,12.57,0.75
236.41721, 61.50731,12.57,0.81
241.74531, 63.91928,12.57,0.65
232.69205, 58.94927,12.57,1.65
241.03625, 59.72063,12.57,0.88
236.30782, 59.39486,12.57,1.37
242.37641, 60.26939,12.57,0.98
242.40223, 61.86161,12.57,0.70
238.84093, 64.59928,12.57,1.16
233.10181, 58.61987,12.57,0.96
243.69096, 60.29742,12.57,1.30
235.31485, 59.93138,12.57,1.09
236.77814, 58.73787,12.57,0.89
240.83596, 63.44056,12.57,0.89
240.89528, 60.62545,12.57,0.64
237.01242, 59.65178,12.57,2.85
243.73329, 61.20865,12.57,0.82
239.61872, 62.12576,12.58,1.04
242.70236, 61.62749,12.58,1.15
232.19558, 61.93915,12.58,0.81
241.81741, 60.92778,12.58,1.11
235.68779, 62.56937,12.58,0.81
237.12363, 58.89870,12.58,0.93
234.70874, 64.74997,12.58,1.03
234.42211, 60.61165,12.58,0.64
239.35535, 64.24194,12.58,0.85
229.45614, 61.57779,12.58,0.85
236.17145, 60.28128,12.58,0.70
235.68089, 63.87333,12.59,0.88
233.86289, 61.64510,12.59,2.12
241.27709, 62.92100,12.59,0.75
236.04569, 59.69803,12.59,1.38
234.49699, 62.00541,12.59,0.85
237.89956, 61.94736,12.59,1.17
239.99772, 59.05888,12.59,0.73
239.97927, 64.52893,12.59,1.38
243.62952, 60.76814,12.59,0.75
242.75700, 64.03294,12.59,1.19
234.67001, 62.43957,12.59,0.90
238.00045, 62.79719,12.59,0.92
239.05339, 59.58933,12.59,0.86
240.91539, 62.60664,12.59,1.09
238.32755, 64.78351,12.59,1.15
243.99867, 62.16089,12.59,0.85
237.17218, 62.46753,12.59,0.85
232.77097, 62.48107,12.59,0.85
229.97794, 61.05450,12.60,0.84
235.44524, 61.28019,12.60,0.87
235.84468, 61.58726,12.60,0.85
235.72382, 58.02521,12.60,0.76
237.34825, 59.64968,12.60,1.04
244.14453, 61.48375,12.60,1.09
242.11512, 60.30874,12.60,1.41
231.64849, 62.22434,12.60,0.85
231.46844, 59.89818,12.60,0.72
230.81775, 60.33416,12.60,0.65
236.99858, 61.27948,12.60,1.19
245.05021, 61.20531,12.60,0.92
238.88848, 60.11453,12.60,1.19
240.29900, 64.92457,12.60,0.56
244.40920, 61.20053,12.60,1.02
240.35293, 59.64677,12.60,1.13
239.15248, 61.65055,12.60,1.09
238.10466, 62.80092,12.60,0.91
240.82824, 64.45418,12.61,0.98
236.67396, 62.48962,12.61,0.69
236.80292, 63.32593,12.61,0.78
233.77604, 61.21617,12.61,0.81
234.71971, 59.75710,12.61,0.71
231.93051, 63.85266,12.61,1.37
238.69138, 60.72689,12.61,0.79
236.91379, 64.94503,12.61,0.80
241.34635, 60.38579,12.61,0.78
233.12623, 64.16063,12.61,1.12
241.56159, 60.21207,12.61,1.24
240.74705, 63.33015,12.61,0.71
239.83831, 59.28520,12.61,0.74
232.88683, 64.77365,12.61,0.79
242.18256, 61.11773,12.61,1.21
238.22605, 64.11254,12.61,1.53
245.29802, 61.16283,12.61,1.20
237.79585, 62.25330,12.62,1.15
237.07982, 61.72916,12.62,1.31
235.09386, 61.79813,12.62,0.93
230.19803, 60.64347,12.62,0.63
240.78546, 58.68450,12.62,0.79
238.88755, 62.40951,12.62,0.80
234.50598, 58.54496,12.62,0.87
236.27598, 64.56093,12.62,1.09
243.02326, 61.88970,12.62,1.05
239.38020, 61.07596,12.62,0.73
242.22937, 62.77078,12.62,1.67
244.72651, 61.29122,12.62,0.77
240.23596, 59.54940,12.62,1.21
241.60203, 62.84057,12.62,0.90
240.29566, 58.84782,12.62,1.18
234.31225, 61.17615,12.62,1.12
234.71979, 59.21290,12.62,0.62
238.61872, 58.69203,12.62,0.81
234.80857, 58.32601,12.62,0.65
242.63866, 60.19811,12.63,0.83
239.49525, 58.62768,12.63,0.60
233.26587, 61.52667,12.63,0.98
238.75625, 63.60497,12.63,1.11
238.46327, 63.48802,12.63,0.69
240.08740, 61.44485,12.63,0.72
231.02057, 60.33165,12.63,0.91
238.14723, 63.67872,12.63,0.88
231.42804, 62.12836,12.63,0.81
241.13693, 61.58254,12.63,0.65
233.65285, 64.28876,12.63,0.68
242.21185, 64.52904,12.64,1.13
243.72104, 60.64317,12.64,2.65
238.40541, 59.43323,12.64,0.82
239.78184, 62.69658,12.64,0.86
240.74161, 63.80073,12.64,0.73
231.23642, 60.89953,12.64,1.20
240.55070, 63.72612,12.64,0.61
240.45193, 62.06126,12.64,0.74
232.72314, 60.81759,12.64,1.01
235.91043, 63.73807,12.64,0.25
244.11844, 61.00899,12.64,0.71
236.83839, 63.90412,12.64,0.75
238.17650, 64.00841,12.64,1.03
231.86242, 59.64064,12.64,0.80
239.38679, 58.72284,12.64,0.76
237.12864, 63.12863,12.64,0.79
237.75064, 61.69995,12.64,1.12
243.32872, 61.31322,12.64,0.91
230.79283, 60.36818,12.64,1.16
241.34488, 64.39013,12.65,0.91
239.60874, 62.04051,12.65,0.73
237.46684, 64.02488,12.65,0.92
240.91389, 59.74698,12.65,0.94
242.02433, 64.20356,12.65,1.00
237.92577, 59.04066,12.65,0.66
230.51709, 61.57198,12.65,0.79
233.77802, 64.11190,12.65,0.60
243.10182, 63.22891,12.65,0.75
242.31187, 59.87714,12.65,0.81
237.29788, 59.21721,12.65,0.71
234.75637, 59.96906,12.65,1.06
238.76971, 60.05121,12.65,0.87
240.82427, 62.39013,12.65,1.16
234.12673, 63.98268,12.65,1.08
234.71397, 64.06474,12.65,0.82
242.39592, 60.48008,12.65,0.64
236.84611, 59.99146,12.65,0.77
242.49133, 60.29725,12.66,0.91
235.25675, 60.85831,12.66,1.07
235.78850, 59.74808,12.66,0.81
234.37051, 61.23439,12.66,0.81
239.51699, 58.60557,12.66,1.20
229.92276, 62.08943,12.66,0.68
234.40351, 60.30415,12.66,1.05
237.26708, 59.72618,12.66,1.13
240.74864, 60.34480,12.66,0.96
234.88932, 64.16818,12.66,0.82
235.00536, 63.91069,12.66,1.28
242.91002, 59.81908,12.66,1.28
239.82505, 61.02143,12.66,0.86
241.11442, 59.86345,12.66,0.74
240.00323, 57.96529,12.66,0.75
234.83818, 61.47323,12.66,0.83
231.10417, 62.86456,12.66,0.70
239.51323, 62.54615,12.66,0.70
233.07931, 63.58149,12.67,0.66
239.05265, 62.32134,12.67,0.87
240.42221, 61.55731,12.67,0.40
230.55778, 60.70970,12.67,0.81
233.69057, 60.25876,12.67,1.41
232.41376, 60.16575,12.67,0.89
233.86244, 62.87202,12.67,0.73
244.29902, 60.91078,12.67,0.77
231.30573, 60.88950,12.67,0.20
232.21410, 60.59474,12.67,0.81
235.51078, 61.22504,12.67,0.84
241.99513, 61.21855,12.67,0.45
241.86979, 60.89287,12.67,0.90
238.39023, 62.38327,12.67,0.74
233.44089, 63.61995,12.68,0.87
237.52768, 61.56185,12.68,1.08
240.10268, 59.97927,12.68,0.75
241.53403, 62.71968,12.68,0.69
243.43877, 63.50026,12.68,0.84
232.25836, 62.97644,12.68,0.70
244.34727, 60.67073,12.68,1.13
230.84611, 62.65746,12.68,0.90
234.79001, 63.87879,12.68,1.11
238.00114, 60.40075,12.68,0.75
239.68800, 58.33047,12.68,0.63
237.21858, 59.23357,12.68,0.00
242.21914, 61.61151,12.68,2.22
233.13823, 64.33464,12.68,0.83
242.93050, 61.28760,12.68,0.78
230.75370, 60.76005,12.68,1.00
240.75325, 61.75620,12.69,0.83
234.77938, 59.96093,12.69,1.22
238.29249, 64.35868,12.69,0.63
235.60282, 59.82410,12.69,0.64
233.49871, 59.77160,12.69,1.10
243.72259, 62.55976,12.69,1.24
230.70150, 61.04923,12.69,0.70
238.62083, 60.83284,12.69,1.16
229.22652, 61.63301,12.69,0.98
242.68305, 63.54395,12.69,0.83
237.15736, 63.62779,12.69,0.75
240.75085, 61.67227,12.69,0.76
238.12454, 59.25340,12.69,0.94
233.77119, 61.67143,12.69,0.94
234.74854, 59.18876,12.69,0.73
240.17182, 59.07004,12.69,0.88
242.76105, 62.98473,12.69,0.82
232.09625, 62.03626,12.69,0.70
234.27590, 58.79866,12.69,0.81
240.61102, 60.94812,12.69,1.08
239.71852, 63.01601,12.69,0.86
240.22870, 59.52159,12.69,0.78
234.45155, 60.38446,12.69,0.89
237.04969, 62.37785,12.69,0.83
236.63959, 62.96094,12.69,0.77
239.17254, 61.20967,12.69,0.74
236.81705, 59.22305,12.69,1.14
236.29391, 60.09741,12.69,1.16
243.26249, 60.86664,12.70,0.87
238.79040, 62.90170,12.70,0.81
241.54892, 64.75825,12.70,1.10
237.41449, 60.79534,12.70,0.77
233.14798, 63.37056,12.70,0.36
232.94387, 59.40685,12.70,1.10
239.16950, 63.76452,12.70,0.59
238.61833, 60.62227,12.70,0.90
237.69472, 61.15801,12.70,0.73
243.19213, 59.98125,12.70,1.17
237.14246, 62.98995,12.70,0.85
238.62702, 60.45297,12.70,1.00
233.70247, 58.99502,12.70,1.24
234.34860, 63.93692,12.70,0.95
236.05719, 63.62455,12.70,0.84
235.13195, 62.45216,12.70,0.80
243.17688, 61.81857,12.70,0.88
233.06371, 63.02762,12.70,0.83
239.76991, 64.34436,12.70,0.83
233.34979, 58.51658,12.70,1.11
238.11143, 62.49850,12.70,0.71
237.11213, 62.06795,12.70,0.69
238.99827, 63.94461,12.70,1.01
233.35114, 59.09882,12.71,0.82
240.46613, 64.19061,12.71,1.17
231.80138, 60.17826,12.71,1.06
235.87432, 60.84586,12.71,1.24
241.53517, 63.23902,12.71,0.79
238.83543, 62.59623,12.71,0.77
240.63765, 59.00265,12.71,0.70
244.43433, 61.33624,12.71,0.87
234.50873, 62.03334,12.71,1.22
241.80622, 62.26160,12.71,0.93
238.38822, 60.79209,12.71,1.07
242.84314, 60.60566,12.71,1.56
240.15313, 63.32001,12.71,0.80
230.79848, 63.13857,12.71,0.99
242.46081, 59.84900,12.71,0.82
242.03703, 64.56416,12.71,0.82
241.95264, 59.97864,12.71,0.80
238.35495, 58.19780,12.71,1.32
244.08016, 60.75420,12.71,0.82
237.61563, 63.60763,12.71,1.24
241.69278, 59.70253,12.71,0.62
230.73532, 61.09199,12.72,0.59
236.84937, 59.35420,12.72,0.94
234.29811, 61.94546,12.72,0.65
234.63496, 60.76726,12.72,0.00
237.85786, 60.80460,12.72,1.11
236.92416, 62.57403,12.72,0.76
243.45260, 62.58014,12.72,0.96
243.25389, 60.94405,12.72,0.58
240.22718, 58.32364,12.72,0.75
236.99889, 58.71567,12.72,0.74
235.63933, 64.63221,12.72,0.70
240.79789, 58.66156,12.72,0.79
237.31196, 61.84146,12.72,0.74
233.44312, 64.82539,12.72,1.16
234.88344, 60.36052,12.72,0.62
239.11896, 58.50696,12.72,0.69
240.60216, 64.55220,12.73,0.80
233.92344, 60.25555,12.73,1.14
241.71539, 60.70544,12.73,1.13
234.60991, 62.33609,12.73,0.92
234.56204, 58.17727,12.73,1.07
236.53027, 58.26717,12.73,1.50
236.69351, 58.98756,12.73,0.60
243.45200, 62.62677,12.73,0.82
235.18093, 58.48205,12.73,1.11
236.54534, 64.08664,12.73,1.11
238.07097, 64.77177,12.73,0.67
240.07280, 58.05526,12.73,1.07
233.75139, 62.78681,12.73,0.77
233.42254, 58.08011,12.73,1.16
234.26915, 58.31471,12.73,1.09
233.56033, 64.82453,12.73,0.60
232.43653, 61.87997,12.73,0.84
239.87304, 58.45838,12.73,0.76
239.98828, 58.57126,12.73,1.03
233.88358, 64.50558,12.73,0.89
233.04333, 63.05412,12.73,0.83
241.54428, 63.98753,12.73,1.05
232.77621, 63.62217,12.74,0.80
235.04115, 60.40745,12.74,0.38
229.56378, 61.96501,12.74,0.81
234.79123, 58.17930,12.74,0.73
240.91803, 61.93256,12.74,0.96
232.06544, 61.73092,12.74,1.11
233.42371, 62.75175,12.74,1.24
242.86018, 61.05217,12.74,1.76
239.84291, 59.26497,12.74,0.76
240.61544, 63.25027,12.74,0.88
238.37374, 60.83968,12.74,0.62
233.98509, 62.34403,12.74,1.00
240.93824, 62.55037,12.74,0.77
238.31494, 57.96371,12.75,2.32
241.81948, 59.39309,12.75,1.29
233.63988, 59.38223,12.75,0.85
240.23401, 62.24985,12.75,0.81
238.97954, 60.01550,12.75,0.86
232.72660, 61.09323,12.75,0.88
231.86450, 62.91588,12.75,1.02
240.49860, 58.52964,12.75,0.70
242.78800, 64.17870,12.75,0.77
236.08161, 60.63508,12.75,0.74
231.61668, 61.46460,12.75,0.86
233.92104, 65.01558,12.75,0.78
241.22268, 61.34302,12.75,0.81
238.42316, 61.86941,12.75,1.09
237.94267, 61.72217,12.75,0.61
238.84542, 64.00184,12.75,1.23
238.02651, 64.72187,12.75,0.80
238.02864, 64.27302,12.76,1.06
237.37974, 59.88682,12.76,0.67
241.46838, 59.34561,12.76,0.55
241.94337, 63.87987,12.76,0.86
243.15963, 61.75894,12.76,1.41
233.92092, 65.01553,12.76,0.83
238.44745, 62.02954,12.76,2.34
229.47308, 61.73254,12.76,0.65
242.13208, 60.21104,12.76,0.84
233.36296, 62.44413,12.76,0.65
239.84340, 60.56128,12.76,0.62
238.01477, 59.42580,12.76,0.90
240.84875, 64.64573,12.76,0.76
243.08904, 64.08458,12.76,0.79
237.44472, 58.00654,12.76,0.82
239.93078, 59.42250,12.77,0.98
232.00286, 63.91581,12.77,0.86
243.99336, 60.32599,12.77,0.76
235.85921, 63.67515,12.77,0.82
239.20833, 60.57755,12.77,0.80
237.74553, 61.02131,12.77,0.78
236.08083, 63.39275,12.77,1.16
241.35661, 60.16516,12.77,0.85
238.60200, 62.54085,12.77,0.75
241.89353, 64.62775,12.77,1.23
232.52614, 63.08234,12.77,0.72
236.08649, 62.95204,12.77,0.95
234.00260, 64.58065,12.77,1.19
236.16378, 60.23835,12.77,1.10
230.86669, 63.04898,12.78,0.98
241.63293, 59.78274,12.78,0.77
